page_name,year,date,link,file_name
https://lrcmc.ca/sunday-sermon/,,,https://www.dropbox.com/s/0viw6yqs2d3vi2o/2017_07_16-Romans%2012%20%283%29%20chi.pptx?dl=1,2017_07_16 Romans 12 (3) chi(ppt)
https://lrcmc.ca/sunday-sermon/,,,https://www.dropbox.com/s/6vk2zjpbw8je7r7/2017_06_25-%E8%92%99%20%20%E7%A5%9E%E6%8B%A3%E9%80%89%E7%9A%84%E4%BA%BA.pptx?dl=1,2017-06-25 蒙 神拣选的人(ppt)
https://lrcmc.ca/sunday-sermon/,,,https://www.dropbox.com/s/x2f8jqr194rojxk/2017-07-30%E6%B0%B8%E7%94%9F%E4%B9%8B%E9%81%93.pptx?dl=1,2017-07-30 永生之道(ppt)
https://lrcmc.ca/sunday-sermon/,,,https://www.dropbox.com/s/4tpa6jqfqhkajxs/2017-07-02%20CanadaDay.pptx?dl=1,2017-07-02 Canada Day (ppt)
https://lrcmc.ca/sunday-sermon/,,,https://www.dropbox.com/s/0xo7hb5jijhzpju/2017-07-09%E4%BB%8E%E5%A5%B4%E9%9A%B6%E5%88%B0%E6%80%BB%E7%90%86.pptx?dl=1,2017-07-09 2017-07-09从奴隶到总理(ppt)
https://lrcmc.ca/sunday-sermon/,,,https://www.dropbox.com/s/u7r25nera42zixj/2017-08-06_21%E7%A5%9E%E7%9A%84%E6%84%8F%E6%80%9D%E5%8E%9F%E6%98%AF%E5%A5%BD%E7%9A%84.pptx?dl=1,2017-08-06_21神的意思原是好的(ppt)
https://lrcmc.ca/sunday-sermon/,,,https://www.dropbox.com/s/90lf8kr9ppktfxw/2017-08-20%20gettingmature.pptx?dl=1,2017-08-20 Getting Mature(ppt)
https://lrcmc.ca/sunday-sermon/,,,https://www.dropbox.com/s/5hlg69gy1j5m5fv/2017-09-03%20-%201stEvangelicalMsg.pptx?dl=1,2017-09-03 2017-09-03 – 1st Evangelical Msg(ppt)
https://lrcmc.ca/sunday-sermon/,,,https://www.dropbox.com/s/g57742j9aj2oic7/2017-06-04.mp3?dl=1,
https://lrcmc.ca/sunday-sermon/,,,https://www.dropbox.com/s/bxmz16kb1n34emp/2017_07_16.mp3?dl=1,
https://lrcmc.ca/sunday-sermon/,,,https://www.dropbox.com/s/qe3mqowmjcp3ya7/2017_06_25.mp3?dl=,
https://lrcmc.ca/sunday-sermon/,,,https://www.dropbox.com/s/v1hj2teegeleaw0/2017-07-30.mp3?dl=1,
https://lrcmc.ca/sunday-sermon/,,,https://www.dropbox.com/s/d2n2sd713w9mb04/2017-07-02.mp3?dl=1,
https://lrcmc.ca/sunday-sermon/,,,https://www.dropbox.com/s/cvkuwmt6r7n64wo/2017-07-09.mp3?dl=1,
https://lrcmc.ca/sunday-sermon/,,,https://www.dropbox.com/s/0xf925fb0facfsm/2017-08-20.mp3?dl=1,
https://lrcmc.ca/sunday-sermon/,,,https://www.dropbox.com/s/mj09xmwp3kb72v6/2017-09-03.mp3?dl=1,
https://lrcmc.ca/sunday-sermon/,,,https://www.dropbox.com/s/175oieh7uu75mq3/2017-09-15.mp3?dl=1,
https://lrcmc.ca/sunday-sermon/,,,https://www.dropbox.com/s/q9ww9beolstjico/2017-09-16-morning.mp3?dl=1,
https://lrcmc.ca/sunday-sermon/,,,https://www.dropbox.com/s/uy7si724je7yngq/2017-09-17-Fan%20Xuede.mp3?dl=1,
https://lrcmc.ca/sunday-sermon/2011_01/,2011,01,http://www.box.net/shared/h2mkm6vsn2bak8xcprv5,Slide 天上各样属灵的福.ppt
https://lrcmc.ca/sunday-sermon/2011_02/,2011,02,http://www.box.net/shared/jjl684bg8em7vj8cn9i9,20110227_体会基督耶稣的心肠.ppt
https://lrcmc.ca/sunday-sermon/2011_02/,2011,02,http://www.box.net/shared/rdsvu99q4uxor5tnmkny,20110206_以基督耶稣的心为心.ppt
https://lrcmc.ca/sunday-sermon/2011_03/,2011,03,http://www.box.net/shared/n27gnf71hx8g083jvdh6,20110327以基督耶稣的心为心.ppt
https://lrcmc.ca/sunday-sermon/2011_03/,2011,03,http://www.box.net/shared/zu2px7qzker5t9n3orox,20110313总叫基督在我身上照常显大.ppt
https://lrcmc.ca/sunday-sermon/2011_03/,2011,03,http://www.box.net/shared/0zvnzkie4vaqrzj214pe,Slide20110306天上各样属灵的福—蒙拣选.ppt
https://lrcmc.ca/sunday-sermon/2011_04/,2011,04,http://www.box.net/shared/5knxbjfks0o538jpsiym,20110417 The Hope of Glory.pptx
https://lrcmc.ca/sunday-sermon/2011_04/,2011,04,http://www.box.net/shared/b2708pc8ea90zdci6u5m,20110410以基督耶稣的心为心.ppt
https://lrcmc.ca/sunday-sermon/2011_04/,2011,04,http://www.box.net/shared/8t6pvm9hxhv72e0kvbzz,Slide20110403天上各样属灵的福—使我们成为圣洁.ppt
https://lrcmc.ca/sunday-sermon/2011_05/,2011,05,http://www.box.net/shared/5knxbjfks0o538jpsiym,雅博渡口的雅各.ppt
https://lrcmc.ca/sunday-sermon/2011_05/,2011,05,http://www.box.net/shared/ldepkl0mv72v0feclu48,Mother’s Day – 2011.ppt
https://lrcmc.ca/sunday-sermon/2011_05/,2011,05,http://www.box.net/shared/5thtgk9stdh41bdc1t72,天上各样属灵的福—得儿子的名分.ppt
https://lrcmc.ca/sunday-sermon/2011_06/,2011,06,http://www.box.net/shared/3hruk8p6g10zooxlpo41,Connect_to_God.ppt
https://lrcmc.ca/sunday-sermon/2011_06/,2011,06,http://www.box.net/shared/fc0ighrnxfieg2566ck3,天上各样属灵的福—靠主的宝血得救赎.ppt
https://lrcmc.ca/sunday-sermon/2011_07/,2011,07,http://www.box.net/shared/grhc7habvcgzjbhspn2n,20110731_03生命的追求.ppt
https://lrcmc.ca/sunday-sermon/2011_07/,2011,07,http://www.box.net/shared/qmshc8md34p1jexffgvq,20110730_02生命的超越.ppt
https://lrcmc.ca/sunday-sermon/2011_07/,2011,07,http://www.box.net/shared/b5xtfn8pf8tivdyidfgr,20110730_01生命的覺醒.ppt
https://lrcmc.ca/sunday-sermon/2011_07/,2011,07,http://www.box.net/shared/s319helgalcv0dsshcma,072411忍受冤屈的苦楚.ppt
https://lrcmc.ca/sunday-sermon/2011_07/,2011,07,http://www.box.net/shared/4hoc8oyd9f5kmdokc21e,071711_爱是不嫉妒.ppt
https://lrcmc.ca/sunday-sermon/2011_07/,2011,07,http://www.box.net/shared/uatyo7ok2ablzzzj43uc,Slide 071011 未識之神.ppt
https://lrcmc.ca/sunday-sermon/2011_08/,2011,08,http://www.box.net/shared/p7ct98y0yuuyru048uvg,082111天地的主我感謝你.ppt
https://lrcmc.ca/sunday-sermon/2011_08/,2011,08,http://www.box.net/shared/x8d9e93plg5xd3mj4hgy,081411你還缺少一件.ppt
https://lrcmc.ca/sunday-sermon/2011_09/,2011,09,http://www.box.net/shared/7x6gs8nllobjzui771im,092511因祂使我們和睦.ppt
https://lrcmc.ca/sunday-sermon/2011_09/,2011,09,http://www.box.net/shared/9ovqlv0iv7gdmjsch1ei,091811頭一件神蹟.ppt
https://lrcmc.ca/sunday-sermon/2011_09/,2011,09,http://www.box.net/shared/gu8tgoaru49ugjuh3zak,Slides20110911教会是基督的身体.ppt
https://lrcmc.ca/sunday-sermon/2011_09/,2011,09,http://www.box.net/shared/xzj91oj8f8fd0kjfgvsk,Slides20110904认识神对教会的心意.ppt
https://lrcmc.ca/sunday-sermon/2011_09/,2011,09,http://www.box.net/shared/l141hj4bg8enrjomctxz,Slides20110828认识神在教会中的旨意.ppt
https://lrcmc.ca/sunday-sermon/2011_10/,2011,10,http://www.box.net/shared/jjqd0d71mvsny9i1l69l,Oct-23-11_活出生命的典范.ppt
https://lrcmc.ca/sunday-sermon/2011_10/,2011,10,http://www.box.net/shared/n8yj8zl524h3yvtv33yi,101611_PressingOnTowardTheGoal.ppt
https://lrcmc.ca/sunday-sermon/2011_10/,2011,10,http://www.box.net/shared/kn2rssyoxy8ez2fr6cy3,100211不可硬著心.ppt
https://lrcmc.ca/sunday-sermon/2011_11/,2011,11,http://www.box.net/s/d9fzs62965rf8mxp4ppc,Slides20111113生命的主.ppt
https://lrcmc.ca/sunday-sermon/2011_12/,2011,12,http://www.box.com/s/1nla0gt7ho4igpr0yduv,Slides20111225耶稣降生.ppt
https://lrcmc.ca/sunday-sermon/2011_12/,2011,12,http://www.box.com/s/36n76fveh4nf0e9i6qb0,Slides20111218生命的主.ppt
https://lrcmc.ca/sunday-sermon/2012_01/,2012,01,http://www.box.com/s/2vd2yrxlbzh8mmlyj3ci,Slides20120122永远的王.ppt
https://lrcmc.ca/sunday-sermon/2012_01/,2012,01,http://www.box.com/s/u91imcd9z1jvdcczn8g0,Slides20120108预备约翰-转移时代的器皿2.ppt
https://lrcmc.ca/sunday-sermon/2012_01/,2012,01,http://www.box.com/s/ijq2ap72bdcy1hk5hbvb,Slides20120101预备约翰-转移时代的器皿.ppt
https://lrcmc.ca/sunday-sermon/2012_02/,2012,02,http://www.box.com/s/jbei5rfu68jpaznxp12i,Slides20120219圣灵的启示2.ppt
https://lrcmc.ca/sunday-sermon/2012_02/,2012,02,http://www.box.com/s/4gfmyig7prrzog1fz7i4,Slides20120205圣灵的启示.ppt
https://lrcmc.ca/sunday-sermon/2012_03/,2012,03,http://www.box.com/s/37l1smdcsdt53mijc0ip,Slides20120304圣灵的启示3.ppt
https://lrcmc.ca/sunday-sermon/2012_04/,2012,04,https://www.box.com/s/1dbe666a4c503857f16e,Slides20120422耶稣的成长.ppt
https://lrcmc.ca/sunday-sermon/2012_05/,2012,05,https://www.box.com/s/4905811216cad0bc4c65,Slides20120520耶稣的成长.ppt
https://lrcmc.ca/sunday-sermon/2012_05/,2012,05,https://www.box.com/s/0b2768ef14c738436b69,The Flood – The Big Story of the Bible.pptx
https://lrcmc.ca/sunday-sermon/2012_06/,2012,06,https://www.box.com/s/fae8ca2bd7d62c80f480,Slides20120617.ppt
https://lrcmc.ca/sunday-sermon/2012_07/,2012,07,https://www.box.com/s/3847b40f5ce2cfcae602,Slides20120729约翰的事工3.ppt
https://lrcmc.ca/sunday-sermon/2012_07/,2012,07,https://www.box.com/s/a47c7c6b0aef5de0c678,Slides20120701约翰的事工2.ppt
https://lrcmc.ca/sunday-sermon/2012_08/,2012,08,https://www.box.com/s/58f1587234c5eb3c628b,Slides20120826主耶稣战胜试探.ppt
https://lrcmc.ca/sunday-sermon/2012_08/,2012,08,https://www.box.com/s/2b0162be052af68cc976,Nehemiah 211-332.ppt
https://lrcmc.ca/sunday-sermon/2012_08/,2012,08,https://www.box.com/s/e101bcaf6c4f56fe0e2a,Slides20120805耶稣的受洗与家谱.ppt
https://lrcmc.ca/sunday-sermon/2012_09/,2012,09,https://www.box.com/s/utyki610ah1ifvzrikh5,20120902主耶酥宣告福音.ppt
https://lrcmc.ca/sunday-sermon/2012_10/,2012,10,https://www.box.com/s/scwte9m93jbpkwvihe6p,Slides20121028耶稣是有赦罪权柄的主.ppt
https://lrcmc.ca/sunday-sermon/2012_10/,2012,10,https://www.box.com/s/qp10hnt22pnp90rxkjh9,Slide20121014主耶稣在召选门徒上显出全能.ppt
https://lrcmc.ca/sunday-sermon/2012_11/,2012,11,https://www.box.com/s/96v4d1mn0uc7svyjcbkp,Slides20121125主透过使徒显出大能.ppt
https://lrcmc.ca/sunday-sermon/2012_11/,2012,11,https://www.box.com/s/xv0pfzsegqclwnegy13c,耶稣是罪人的救主.ppt
https://lrcmc.ca/sunday-sermon/2012_11/,2012,11,https://www.box.com/s/cq5533zcdbdyzimwuq07,属灵的建造.ppt
https://lrcmc.ca/sunday-sermon/2012_12/,2012,12,https://www.box.com/s/s5h49b9lqwtvp41mszhy,末日.ppt
https://lrcmc.ca/sunday-sermon/2013_01/,2013,01,https://www.box.com/s/ae0zcfer2ouerfjfbgwh,分别为圣的生活.ppt
https://lrcmc.ca/sunday-sermon/2013_02/,2013,02,https://www.box.com/s/k4oqzp1mb92aqd1fyvv2,The Bible as a string pearl.ppt
https://lrcmc.ca/sunday-sermon/2013_02/,2013,02,https://www.box.com/s/fnwa3kedng3i2vngj18e,Slide20130203建造的根基.ppt
https://lrcmc.ca/sunday-sermon/2013_03/,2013,03,https://www.box.com/s/jha88qkwvg5f9tz8cfah,20130324 以撒的一生.ppt
https://lrcmc.ca/sunday-sermon/2013_03/,2013,03,https://www.box.com/s/cocdoc4ih3oxzattl7pi,基督徒不可偏行己路.ppt
https://lrcmc.ca/sunday-sermon/2013_03/,2013,03,https://www.box.com/s/zjeygiuxf78mpdqxhhad,Joseph.Model of Godliness.pptx
https://lrcmc.ca/sunday-sermon/2013_03/,2013,03,https://www.box.com/s/j14ka90tezltloy1bnnt,约瑟的生命-信靠神的榜样.pptx
https://lrcmc.ca/sunday-sermon/2013_04/,2013,04,https://www.box.com/s/gbgqmvwofjphy0p3tr7s,成為一個真正蒙福的人.ppt
https://lrcmc.ca/sunday-sermon/2013_04/,2013,04,https://www.box.com/s/3pac6lmkjxiznz9ijibv,十诫—耶和华赐福的意念.ppt
https://lrcmc.ca/sunday-sermon/2013_04/,2013,04,https://www.box.com/s/rzul0xdogc96zcq1v79e,Jacob and Esau (Chi-Eng)-short.pptx
https://lrcmc.ca/sunday-sermon/2013_04/,2013,04,https://www.box.com/s/pg64mtbhnyn8xuzby84l,使死人复活的主Slides20130407的主.ppt
https://lrcmc.ca/sunday-sermon/2013_04/,2013,04,https://www.box.com/s/26z6884o2tfr37j3jw0a,從信徒門徒到使徒.pptx
https://lrcmc.ca/sunday-sermon/2013_05/,2013,05,https://www.box.com/s/ww2z004oeg2bpbm8b2h4,以基督裏的恩賜建造基督的身體.ppt
https://lrcmc.ca/sunday-sermon/2013_05/,2013,05,https://www.box.com/s/36yirtla9fudldgqz4jr,Judges_&amp;_Ruth_May_12_2013.pptx
https://lrcmc.ca/sunday-sermon/2013_06/,2013,06,https://www.box.com/s/aof5fhb6ienszf2qdt97,罪人的安慰.ppt
https://lrcmc.ca/sunday-sermon/2013_06/,2013,06,https://www.box.com/s/tvknohukzhv0wxjoedgb,祂是人子.ppt
https://lrcmc.ca/sunday-sermon/2013_06/,2013,06,https://www.box.com/s/ym4r4s0zn0tosgztauob,祂是神子.ppt
https://lrcmc.ca/sunday-sermon/2013_06/,2013,06,https://www.box.com/s/4txp9mnk05st1dql28wy,Survey Samuel Kings Chronicles &amp; Elijah final.pptx
https://lrcmc.ca/sunday-sermon/2013_06/,2013,06,https://www.box.com/s/qedicdbnw4z2azp6guap,要来的基督20130602.pptx
https://lrcmc.ca/sunday-sermon/2013_11/,2013,11,https://app.box.com/s/60sfxyxyincipcquyvqh,Presentation.ppt
https://lrcmc.ca/sunday-sermon/2013_11/,2013,11,https://app.box.com/s/d86j586fb3nwx05dh3r1,John 9.ppt
https://lrcmc.ca/sunday-sermon/2014_03/,2014,03,https//www.youtube-nocookie.com/embed/jkVYFVBheno?rel=0,
https://lrcmc.ca/sunday-sermon/2014_03/,2014,03,https//www.youtube-nocookie.com/embed/4CcrovBIJsU?rel=0,
https://lrcmc.ca/sunday-sermon/2014_03/,2014,03,https//www.youtube-nocookie.com/embed/V-Q3SEL0wRk?rel=0,
https://lrcmc.ca/sunday-sermon/2014_04/,2014,04,https//www.youtube-nocookie.com/embed/LnCW0qssLaE?rel=0,
https://lrcmc.ca/sunday-sermon/2014_04/,2014,04,https//www.youtube-nocookie.com/embed/GASxlS53e5c?rel=0,
https://lrcmc.ca/sunday-sermon/2014_04/,2014,04,https//www.youtube-nocookie.com/embed/Ao1zIcB62jg?rel=0,
https://lrcmc.ca/sunday-sermon/2014_04/,2014,04,https//www.youtube-nocookie.com/embed/U2HBr9u3D08?rel=0,
https://lrcmc.ca/sunday-sermon/2014_05/,2014,05,https//www.youtube-nocookie.com/embed/lzUASyrtfmg?rel=0,
https://lrcmc.ca/sunday-sermon/2014_05/,2014,05,https//www.youtube-nocookie.com/embed/t9neT00uhMY?rel=0,
https://lrcmc.ca/sunday-sermon/2014_05/,2014,05,https//www.youtube-nocookie.com/embed/QfPs18jijdI?rel=0,
https://lrcmc.ca/sunday-sermon/2014_05/,2014,05,https//www.youtube-nocookie.com/embed/Z4Im8dLT3EY?rel=0,
https://lrcmc.ca/sunday-sermon/2014_05/,2014,05,https//www.youtube-nocookie.com/embed/li2TgGk6fMk?rel=0,
https://lrcmc.ca/sunday-sermon/2014_05/,2014,05,https//www.youtube-nocookie.com/embed/8UCcbhBVdlc?rel=0,
https://lrcmc.ca/sunday-sermon/2014_05/,2014,05,https//www.youtube-nocookie.com/embed/u8gdK37IxR0?rel=0,
https://lrcmc.ca/sunday-sermon/2014_06/,2014,06,https//www.youtube-nocookie.com/embed/Mi1hZXjZ0ts?rel=0,
https://lrcmc.ca/sunday-sermon/2014_06/,2014,06,https//www.youtube-nocookie.com/embed/rNUwOvHgaCU?rel=0,
https://lrcmc.ca/sunday-sermon/2014_06/,2014,06,https//www.youtube-nocookie.com/embed/DwUQgAvOS00?rel=0,
https://lrcmc.ca/sunday-sermon/2014_06/,2014,06,https//www.youtube-nocookie.com/embed/c-XQ5MPWXDY?rel=0,
https://lrcmc.ca/sunday-sermon/2014_06/,2014,06,https//www.youtube-nocookie.com/embed/84htzns85N4?rel=0,
https://lrcmc.ca/sunday-sermon/2014_06/,2014,06,https//www.youtube-nocookie.com/embed/ccAlNEsndik?rel=0,
https://lrcmc.ca/sunday-sermon/2014_07/,2014,07,https//www.youtube-nocookie.com/embed/B-xc1gObEuQ?rel=0,
https://lrcmc.ca/sunday-sermon/2014_07/,2014,07,https//www.youtube-nocookie.com/embed/O-tsgkqqOS8?rel=0,
https://lrcmc.ca/sunday-sermon/2014_07/,2014,07,https//www.youtube-nocookie.com/embed/oy0Q_O-f6cE?rel=0,
https://lrcmc.ca/sunday-sermon/2014_07/,2014,07,https//www.youtube-nocookie.com/embed/ZO02lEbrppA?rel=0,
https://lrcmc.ca/sunday-sermon/2014_07/,2014,07,https//www.youtube-nocookie.com/embed/EH6fYugsgrM?rel=0,
https://lrcmc.ca/sunday-sermon/2014_08/,2014,08,https//www.youtube-nocookie.com/embed/4BCqaVbTISg?rel=0,
https://lrcmc.ca/sunday-sermon/2014_08/,2014,08,https//www.youtube-nocookie.com/embed/s0dCx8tFIY0?rel=0,
https://lrcmc.ca/sunday-sermon/2014_08/,2014,08,https//www.youtube-nocookie.com/embed/qIbiIZuWqM8?rel=0,
https://lrcmc.ca/sunday-sermon/2014_08/,2014,08,https//www.youtube-nocookie.com/embed/lpI-6Ww1PF0?rel=0,
https://lrcmc.ca/sunday-sermon/2014_08/,2014,08,https//www.youtube-nocookie.com/embed/yb3EhM1flIg?rel=0,
https://lrcmc.ca/sunday-sermon/2014_09/,2014,09,https//www.youtube-nocookie.com/embed/rWLRodaFOM4?rel=0,
https://lrcmc.ca/sunday-sermon/2014_09/,2014,09,https//www.youtube-nocookie.com/embed/tRmd8ygTaRc?rel=0,
https://lrcmc.ca/sunday-sermon/2014_09/,2014,09,https//www.youtube-nocookie.com/embed/ImrhLdmqFnw?rel=0,
https://lrcmc.ca/sunday-sermon/2014_09/,2014,09,https//www.youtube-nocookie.com/embed/plCLYFlqwAs?rel=0,
https://lrcmc.ca/sunday-sermon/2014_10/,2014,10,https//www.youtube-nocookie.com/embed/setYdlVv7uM?rel=0,
https://lrcmc.ca/sunday-sermon/2014_10/,2014,10,https//www.youtube-nocookie.com/embed/U2o2QbBK6nY?rel=0,
https://lrcmc.ca/sunday-sermon/2014_10/,2014,10,https//www.youtube-nocookie.com/embed/kKdjafY_wng?rel=0,
https://lrcmc.ca/sunday-sermon/2014_10/,2014,10,https//www.youtube-nocookie.com/embed/kjo6Qrg4j4E?rel=0,
https://lrcmc.ca/sunday-sermon/2014_10/,2014,10,https//www.youtube-nocookie.com/embed/ArqDUhepkkQ?rel=0,
https://lrcmc.ca/sunday-sermon/2014_11/,2014,11,https//www.youtube-nocookie.com/embed/KSkC4g_QAqM?rel=0,
https://lrcmc.ca/sunday-sermon/2014_11/,2014,11,https//www.youtube-nocookie.com/embed/I1qr8_trRE0?rel=0,
https://lrcmc.ca/sunday-sermon/2014_11/,2014,11,https//www.youtube-nocookie.com/embed/au0gULlGd00?rel=0,
https://lrcmc.ca/sunday-sermon/2014_11/,2014,11,https//www.youtube-nocookie.com/embed/mtDeMobvENU?rel=0,
https://lrcmc.ca/sunday-sermon/2014_11/,2014,11,https//www.youtube-nocookie.com/embed/8mf1Gkh-yNs?rel=0,
https://lrcmc.ca/sunday-sermon/2014_12/,2014,12,https//www.youtube-nocookie.com/embed/praYQEt-8jI?rel=0,
https://lrcmc.ca/sunday-sermon/2014_12/,2014,12,https//www.youtube-nocookie.com/embed/k6DZaReZVMs?rel=0,
https://lrcmc.ca/sunday-sermon/2014_12/,2014,12,https//www.youtube-nocookie.com/embed/G1ZmK7ZSj1U?rel=0,
https://lrcmc.ca/sunday-sermon/2014_12/,2014,12,https//www.youtube-nocookie.com/embed/RJj-TLgaBoE?rel=0,
https://lrcmc.ca/sunday-sermon/2014_12/,2014,12,https//www.youtube-nocookie.com/embed/twZJ8MluFcs?rel=0,
https://lrcmc.ca/sunday-sermon/2015_01/,2015,01,https://www.youtube-nocookie.com/embed/Q4kgJ1gtpfo,
https://lrcmc.ca/sunday-sermon/2015_01/,2015,01,https://www.youtube-nocookie.com/embed/Xjhwr-zpEdI,
https://lrcmc.ca/sunday-sermon/2015_01/,2015,01,https://www.youtube-nocookie.com/embed/9SJ7UDuG9i0,
https://lrcmc.ca/sunday-sermon/2015_01/,2015,01,https://www.youtube-nocookie.com/embed/GEK9CZm9p1c,
https://lrcmc.ca/sunday-sermon/2015_02/,2015,02,https://www.youtube-nocookie.com/embed/9HsurnJ8tNs,
https://lrcmc.ca/sunday-sermon/2015_02/,2015,02,https://www.youtube-nocookie.com/embed/1qaT3a1vtLU,
https://lrcmc.ca/sunday-sermon/2015_02/,2015,02,https://www.youtube-nocookie.com/embed/k6lI8gxaktk,
https://lrcmc.ca/sunday-sermon/2015_03/,2015,03,https://www.youtube-nocookie.com/embed/cVlIPeOv4dY,
https://lrcmc.ca/sunday-sermon/2015_03/,2015,03,https://www.youtube-nocookie.com/embed/tghXxlL3ENU,
https://lrcmc.ca/sunday-sermon/2015_03/,2015,03,https://www.youtube-nocookie.com/embed/Cgol53Jwaqk,
https://lrcmc.ca/sunday-sermon/2015_03/,2015,03,https://www.youtube-nocookie.com/embed/5YP51VqvUXs,
https://lrcmc.ca/sunday-sermon/2015_03/,2015,03,https://www.youtube-nocookie.com/embed/UppObA5MKDQ,
https://lrcmc.ca/sunday-sermon/2015_04/,2015,04,https://www.youtube-nocookie.com/embed/NTfe6ePe-ks,
https://lrcmc.ca/sunday-sermon/2015_04/,2015,04,https://www.youtube-nocookie.com/embed/VA4hGXkW7oA,
https://lrcmc.ca/sunday-sermon/2015_04/,2015,04,https://www.youtube-nocookie.com/embed/3cd8SQhEBy4,
https://lrcmc.ca/sunday-sermon/2015_04/,2015,04,https://www.youtube-nocookie.com/embed/SX6wd4ccu68,
https://lrcmc.ca/sunday-sermon/2015_04/,2015,04,https://www.youtube-nocookie.com/embed/CmsY4diowbI,
https://lrcmc.ca/sunday-sermon/2015_04/,2015,04,https://www.youtube-nocookie.com/embed/9oA6InZuRAk,
https://lrcmc.ca/sunday-sermon/2015_05/,2015,05,https://www.youtube-nocookie.com/embed/DSmIYs4CU3s,
https://lrcmc.ca/sunday-sermon/2015_05/,2015,05,https://www.youtube-nocookie.com/embed/GJs3NoOkEQk,
https://lrcmc.ca/sunday-sermon/2015_05/,2015,05,https://www.youtube-nocookie.com/embed/ZeQ_TWU3dhA,
https://lrcmc.ca/sunday-sermon/2015_05/,2015,05,https://www.youtube-nocookie.com/embed/aoj8GNNH3N4,
https://lrcmc.ca/sunday-sermon/2015_05/,2015,05,https://www.youtube-nocookie.com/embed/N70gJ30YGtg,
https://lrcmc.ca/sunday-sermon/2015_05/,2015,05,https://www.youtube-nocookie.com/embed/ktBnRreLejA,
https://lrcmc.ca/sunday-sermon/2015_05/,2015,05,https://www.youtube-nocookie.com/embed/APxBzMM_VDc,
https://lrcmc.ca/sunday-sermon/2015_05/,2015,05,https://www.youtube-nocookie.com/embed/qTT_46zOaLE,
https://lrcmc.ca/sunday-sermon/2015_05/,2015,05,https://www.youtube-nocookie.com/embed/FmQydlaL5Jk,
https://lrcmc.ca/sunday-sermon/2015_05/,2015,05,https://www.youtube-nocookie.com/embed/CCIw1Y0xH0I,
https://lrcmc.ca/sunday-sermon/2015_06/,2015,06,https://www.youtube-nocookie.com/embed/lF9u6OF24HM,
https://lrcmc.ca/sunday-sermon/2015_06/,2015,06,https://www.youtube-nocookie.com/embed/4tlfUBB3uew,
https://lrcmc.ca/sunday-sermon/2015_06/,2015,06,https://www.youtube-nocookie.com/embed/Ual3v6mPgHA,
https://lrcmc.ca/sunday-sermon/2015_06/,2015,06,https://www.youtube-nocookie.com/embed/M8Ut3oLO4Uo,
https://lrcmc.ca/sunday-sermon/2015_07/,2015,07,https://www.youtube-nocookie.com/embed/8koVHA-P9a4,
https://lrcmc.ca/sunday-sermon/2015_07/,2015,07,https://www.youtube-nocookie.com/embed/ZW_uHcUPtFI,
https://lrcmc.ca/sunday-sermon/2015_07/,2015,07,https://www.youtube-nocookie.com/embed/5o4twCN5K9M,
https://lrcmc.ca/sunday-sermon/2015_08/,2015,08,https://www.youtube-nocookie.com/embed/8RduNLdv3l0,
https://lrcmc.ca/sunday-sermon/2015_08/,2015,08,https://www.youtube-nocookie.com/embed/E2o1D2XDfJ0,
https://lrcmc.ca/sunday-sermon/2015_08/,2015,08,https://www.youtube-nocookie.com/embed/tB6l3yBJG3c,
https://lrcmc.ca/sunday-sermon/2015_08/,2015,08,https://www.youtube-nocookie.com/embed/zleGRP8be-0,
https://lrcmc.ca/sunday-sermon/2015_09/,2015,09,https://www.dropbox.com/s/pp6lo7fym2p5ye2/2015_09_13_13%E5%BE%97%E7%9D%80%E8%87%B3%E5%AE%9D.pptx?dl=1,2015_09_13 得着至宝 (ppt)
https://lrcmc.ca/sunday-sermon/2015_09/,2015,09,https://www.dropbox.com/s/2t0ian3p7n83jni/2015_09_20%E6%98%8E%E7%99%BD%E5%9F%BA%E7%9D%A3%E7%9A%84%E7%88%B1.ppt?dl=1,2015_09_20 明白基督的爱 (ppt)
https://lrcmc.ca/sunday-sermon/2015_09/,2015,09,https://www.dropbox.com/s/p7ow3kjapcxjm9t/2015_09_27%20%E9%9D%A0%E4%B8%BB%E5%96%9C%E4%B9%90.pptx?dl=1,2015_09_27 靠主喜乐 (ppt)
https://lrcmc.ca/sunday-sermon/2015_09/,2015,09,https://www.dropbox.com/s/80jpjhg4haf72z2/2015_09_13.mp3?dl=1,
https://lrcmc.ca/sunday-sermon/2015_09/,2015,09,https://www.dropbox.com/s/q8glmx5jhywedml/2015_09_20.mp3?dl=1,
https://lrcmc.ca/sunday-sermon/2015_09/,2015,09,https://www.dropbox.com/s/plben0gm9dcor6j/2015_09_27.mp3?dl=1,
https://lrcmc.ca/sunday-sermon/2015_10/,2015,10,https://www.dropbox.com/s/gc3mv4ltb6ral7j/2015_10_04%20Romans%208-Chi.pptx?dl=1,2015_10_04 罗马书第8章(ppt)
https://lrcmc.ca/sunday-sermon/2015_10/,2015,10,https://www.dropbox.com/s/tmsrogqkwjzxnko/%E7%A5%9E%E4%BB%86%E4%BA%BA%E7%9A%84%E5%AE%89%E6%85%B0.ppt?dl=1,2015-10-24 神仆人的安慰(ppt)
https://lrcmc.ca/sunday-sermon/2015_10/,2015,10,https://www.dropbox.com/s/ydachq03a71rwqm/%E6%98%8E%E7%99%BD%E5%9F%BA%E7%9D%A3%E7%9A%84%E7%88%B1%20-%202.ppt?dl=1,2015-10-25 明白基督的爱-2(ppt)
https://lrcmc.ca/sunday-sermon/2015_10/,2015,10,https://www.dropbox.com/s/6gmdd5zxbxhcjj5/2015_10_04.mp3?dl=1,
https://lrcmc.ca/sunday-sermon/2015_10/,2015,10,https://www.dropbox.com/s/psedlb05mokxnsq/2015_10_25.mp3?dl=1,
https://lrcmc.ca/sunday-sermon/2015_11/,2015,11,https://www.dropbox.com/s/fc72d30xwveo16p/16%E4%B8%BA%E5%AE%8C%E5%85%A8%E4%BA%BA%E7%94%BB%E5%83%8F.pptx?dl=1,2015_11_08 为完全人画像 (ppt)
https://lrcmc.ca/sunday-sermon/2015_11/,2015,11,https://www.dropbox.com/s/htrirhdr09v1b8h/17%E5%90%8C%E8%B4%9F%E4%B8%80%E8%BD%AD.pptx?dl=1,2015_11_15 同负一轭 (ppt)
https://lrcmc.ca/sunday-sermon/2015_11/,2015,11,https://www.dropbox.com/s/vuoyauoq63v5rwl/18%E4%B8%80%E6%97%A0%E6%8C%82%E8%99%91.pptx?dl=1,2015_11_2 一无挂虑 (ppt)
https://lrcmc.ca/sunday-sermon/2015_11/,2015,11,https://www.dropbox.com/s/gdt0bzaqwhf8hjg/%E5%9F%BA%E7%9D%A3%E5%86%8D%E6%9D%A5_2015_11_29.pptx?dl=1,2015_11_29 基督再来(ppt)
https://lrcmc.ca/sunday-sermon/2015_11/,2015,11,https://www.dropbox.com/s/zp862ki571535oa/2015_11_01.mp3?dl=1,
https://lrcmc.ca/sunday-sermon/2015_11/,2015,11,https://www.dropbox.com/s/6pyi5twcisa7guf/2015_11_08.mp3?dl=1,
https://lrcmc.ca/sunday-sermon/2015_11/,2015,11,https://www.dropbox.com/s/hc7hkvzyz5hf2kw/2015_11_15.mp3?dl=1,
https://lrcmc.ca/sunday-sermon/2015_11/,2015,11,https://www.dropbox.com/s/k9zclppqnlpywtt/2015_11_22.mp3?dl=1,
https://lrcmc.ca/sunday-sermon/2015_11/,2015,11,https://www.dropbox.com/s/5hby997lbhbuw8q/2015_11_29.mp3?dl=1,
https://lrcmc.ca/sunday-sermon/2015_12/,2015,12,https://www.dropbox.com/s/9bsclsvrn8cw5lf/Romans%208%282%29-Chi_2015-12-06.pptx?dl=1,2015_12_06 罗马书第8章第2节(ppt)
https://lrcmc.ca/sunday-sermon/2015_12/,2015,12,https://www.dropbox.com/s/l61mphuypuzl6dt/19%E5%B1%9E%E7%81%B5%E7%BE%8E%E5%BE%B7.pptx?dl=1,2015_12_13 属灵美德(ppt)
https://lrcmc.ca/sunday-sermon/2015_12/,2015,12,https://www.dropbox.com/s/sbgb9vdkgot4hf8/2015-12-06.mp3?dl=1,
https://lrcmc.ca/sunday-sermon/2015_12/,2015,12,https://www.dropbox.com/s/8la91hgu4rf3lv2/2015_12_13.mp3?dl=1,
https://lrcmc.ca/sunday-sermon/2015_12/,2015,12,https://www.dropbox.com/s/tda1dar5sd0odr2/2015-12-27.mp3?dl=1,
https://lrcmc.ca/sunday-sermon/2016_01/,2016,01,https://www.dropbox.com/s/0pq8ysumowl2hl1/2016_01_03.pptx?dl=1,2016_01_02 大诫命(ppt)
https://lrcmc.ca/sunday-sermon/2016_01/,2016,01,https://www.dropbox.com/s/45bzkalnr3za4vg/2016GreatMission.pptx?dl=1,2016_01_10 大使命(ppt)
https://lrcmc.ca/sunday-sermon/2016_01/,2016,01,https://www.dropbox.com/s/7xbrxpcghczphof/Romans%208%283%29-Chi_2016-01-17.pptx?dl=1,2016_01_17 Romans 8(3)(ppt)
https://lrcmc.ca/sunday-sermon/2016_01/,2016,01,https://www.dropbox.com/s/hqsbzwnfqowxzk3/2016_01_31-20%E5%BE%97%E8%83%9C%E7%A7%98%E8%AF%80.pptx?dl=1,2016_01_31 得胜秘诀(ppt)
https://lrcmc.ca/sunday-sermon/2016_01/,2016,01,https://www.dropbox.com/s/8xe7jb9h8terlva/2016_01_03.mp3?dl=1,
https://lrcmc.ca/sunday-sermon/2016_01/,2016,01,https://www.dropbox.com/s/05svj8ah5zih9j5/2016-01-10.mp3?dl=1,
https://lrcmc.ca/sunday-sermon/2016_01/,2016,01,https://www.dropbox.com/s/zf07ch9ve9wv1gj/2016_01_17.mp3?dl=1,
https://lrcmc.ca/sunday-sermon/2016_01/,2016,01,https://www.dropbox.com/s/hteppnwow5dywmf/2016_01_24.mp3?dl=1,
https://lrcmc.ca/sunday-sermon/2016_01/,2016,01,https://www.dropbox.com/s/8rgucp9o7avs9ae/2016-01-31.mp3?dl=1,
https://lrcmc.ca/sunday-sermon/2016_02/,2016,02,https://www.dropbox.com/s/th66ug8z8tiqo27/2016_02_07-2016ChineseNewYear.pptx?dl=1,2016_02_07 ChineseNewYear(ppt)
https://lrcmc.ca/sunday-sermon/2016_02/,2016,02,https://www.dropbox.com/s/qld28xw1fozoh48/2016_02_14%20Honour%20Parents%20-%20Chi.pptx?dl=1,2016_02_14 Honour Parents(ppt)
https://lrcmc.ca/sunday-sermon/2016_02/,2016,02,https://www.dropbox.com/s/a7z7bk98uxz33i9/2016_02_21%20%E5%88%9B%E9%80%A0%E7%9A%84%E7%A5%9En%E7%A5%9E%E7%9A%84%E5%88%9B%E9%80%A0.pptx?dl=1,2016_02_21 创造的神n神的创造(ppt)
https://lrcmc.ca/sunday-sermon/2016_02/,2016,02,https://www.dropbox.com/s/e8vgyo5nnu6qot1/2016_02_28_%E5%A4%B1%E4%B9%90%E5%9B%AD.pptx?dl=1,2016_02_28 失乐园(ppt)
https://lrcmc.ca/sunday-sermon/2016_02/,2016,02,https://www.dropbox.com/s/uumxl7oampaf2bx/2016_02_07.mp3?dl=1,
https://lrcmc.ca/sunday-sermon/2016_02/,2016,02,https://www.dropbox.com/s/s8yzk659t4uxs51/2016_02_14.mp3?dl=1,
https://lrcmc.ca/sunday-sermon/2016_02/,2016,02,https://www.dropbox.com/s/7iljffil4hcdm7v/2016_02_21.mp3?dl=1,
https://lrcmc.ca/sunday-sermon/2016_02/,2016,02,https://www.dropbox.com/s/ndmll5hks0dhrqr/2016-02-28.mp3?dl=1,
https://lrcmc.ca/sunday-sermon/2016_03/,2016,03,https://www.dropbox.com/s/jsypu8tal3862j9/2016-03-06%20%E4%B8%BB%E7%88%B1%E6%97%A0%E6%B3%95%E6%B5%8B%E5%BA%A6.ppt?dl=1,2016_03_06 主爱无法测度(ppt)
https://lrcmc.ca/sunday-sermon/2016_03/,2016,03,https://www.dropbox.com/s/ohqlswjog2my0u8/2016_03_13-3%E4%BB%8E%E5%88%9B%E4%B8%96%E8%AE%B0%E8%B0%88%E5%B7%A5%E4%BD%9C.pptx?dl=1,2016_03_13从创世记谈工作(ppt)
https://lrcmc.ca/sunday-sermon/2016_03/,2016,03,https://www.dropbox.com/s/h3zxprf1vkgsk5w/2016-03-20-Joshua14_6-15.pptx?dl=1,2016_03_20 Joshua 14:6-15(ppt)
https://lrcmc.ca/sunday-sermon/2016_03/,2016,03,https://www.dropbox.com/s/pa0zvjjsud8by9e/2016EasterBaptism.pptx?dl=1,2016_03_27 Easter Baptism(ppt)
https://lrcmc.ca/sunday-sermon/2016_03/,2016,03,https://www.dropbox.com/s/osgql5cnc76jofl/2016_03_06.mp3?dl=1,
https://lrcmc.ca/sunday-sermon/2016_03/,2016,03,https://www.dropbox.com/s/nzsnhz8c5z56fs9/2016_03_13.mp3?dl=1,
https://lrcmc.ca/sunday-sermon/2016_03/,2016,03,https://www.dropbox.com/s/b2sjqjbcx7obgl9/2016-03-20.mp3?dl=1,
https://lrcmc.ca/sunday-sermon/2016_03/,2016,03,https://www.dropbox.com/s/oyixewcbkkk5sr2/2016-03-25%20GoodFriday.mp3?dl=1,
https://lrcmc.ca/sunday-sermon/2016_04/,2016,04,https://www.dropbox.com/s/f5at4vfqbpxqcib/4%E5%85%84%E5%BC%9F%E6%82%B2%E5%89%A7%E7%9A%84%E5%90%AF%E7%A4%BA.pptx?dl=1,2016_04_03 兄弟悲剧的启示(ppt)
https://lrcmc.ca/sunday-sermon/2016_04/,2016,04,https://www.dropbox.com/s/nnirdlsp48u4wrs/Romans%208%284%29-Chi-16-04-10.pptx?dl=1,2016_04_10 Roman-Chi(ppt)
https://lrcmc.ca/sunday-sermon/2016_04/,2016,04,https://www.dropbox.com/s/77ub2aozz0eqa17/2016_04_10-5%E5%9C%A8%E7%BD%AA%E6%81%B6%E4%B8%96%E7%95%8C%E4%B8%8E%E7%A5%9E%E5%90%8C%E8%A1%8C.pptx?dl=1,2016_04_17 在罪恶世界与神同行(ppt)
https://lrcmc.ca/sunday-sermon/2016_04/,2016,04,https://www.dropbox.com/s/illhen7xcne6i7c/2016-04-24%E6%88%91%E4%BB%AC%E5%AE%9A%E8%A6%81%E4%BE%8D%E5%A5%89%E8%80%B6%E5%92%8C%E5%8D%8E.pptx?dl=1,2016_04_24 我们定要侍奉耶和华(ppt)
https://lrcmc.ca/sunday-sermon/2016_04/,2016,04,https://www.dropbox.com/s/26a5bjfoxcsdtxc/2016-04-10.mp3?dl=1,
https://lrcmc.ca/sunday-sermon/2016_04/,2016,04,https://www.dropbox.com/s/txafizd4n7e6f6j/2016-04-17.mp3?dl=1,
https://lrcmc.ca/sunday-sermon/2016_04/,2016,04,https://www.dropbox.com/s/fho4ezz8gdel4q2/2016-04-24.mp3?dl=1,
https://lrcmc.ca/sunday-sermon/2016_05/,2016,05,https://www.dropbox.com/s/erhfhc12g6ii5k1/6%20sermon.pptx?dl=1,2016_05_1 创世纪-6(ppt)
https://lrcmc.ca/sunday-sermon/2016_05/,2016,05,https://www.dropbox.com/s/451r83u62gfj1rp/2016_05_08-2016mothersday.pptx?dl=1,2016_05_8 mother’s day (ppt)
https://lrcmc.ca/sunday-sermon/2016_05/,2016,05,https://www.dropbox.com/s/ksj3lnd23nf3mo0/2016-05-22.pptx?dl=1,2016_05_22 洪水之后新天地 (ppt)
https://lrcmc.ca/sunday-sermon/2016_05/,2016,05,https://www.dropbox.com/s/0j9jkmf8xasv1qy/8%E8%AE%BA%E5%B7%B4%E5%88%AB%E5%A1%94.pptx?dl=1,2016_05_29 论巴别塔 (ppt)
https://lrcmc.ca/sunday-sermon/2016_05/,2016,05,https://www.dropbox.com/s/s3mgjvp81yq28gc/2016-5-1.mp3?dl=1,
https://lrcmc.ca/sunday-sermon/2016_05/,2016,05,https://www.dropbox.com/s/wdxl26z2bhr66jk/2016-05-08.mp3?dl=1,
https://lrcmc.ca/sunday-sermon/2016_05/,2016,05,https://www.dropbox.com/s/abezxemyz6f6kmv/2016-05-15.mp3?dl=1,
https://lrcmc.ca/sunday-sermon/2016_05/,2016,05,https://www.dropbox.com/s/o7uvjm8m4pgl1es/2016-05-22.mp3?dl=1,
https://lrcmc.ca/sunday-sermon/2016_05/,2016,05,https://www.dropbox.com/s/zz6ru92bby7lt0p/2016-05-29.mp3?dl=1,
https://lrcmc.ca/sunday-sermon/2016_06/,2016,06,https://www.dropbox.com/s/baev8gf4o0iskou/2016_06_05-sermon.pptx?dl=1,2016_06_05 种子和土壤 (ppt)
https://lrcmc.ca/sunday-sermon/2016_06/,2016,06,https://www.dropbox.com/s/lsl8b6yxj4cu576/2016_06_19_sermon.pptx?dl=1,2016_06_19 种子和土壤(2) (ppt)
https://lrcmc.ca/sunday-sermon/2016_06/,2016,06,https://www.dropbox.com/s/wvh42u0p8strxnc/2016_06_05.mp3?dl=1,
https://lrcmc.ca/sunday-sermon/2016_06/,2016,06,https://www.dropbox.com/s/jig499k6acs47sy/2016_06_12.mp3?dl=1,
https://lrcmc.ca/sunday-sermon/2016_06/,2016,06,https://www.dropbox.com/s/8symt86a8aoykju/2016-06-19.mp3?dl=1,
https://lrcmc.ca/sunday-sermon/2016_06/,2016,06,https://www.dropbox.com/s/8octn2zsodm1fov/Luan2.mp3?dl=1,
https://lrcmc.ca/sunday-sermon/2016_06/,2016,06,https://www.dropbox.com/s/dmexst4f34fahdz/Luan3.mp3?dl=1,
https://lrcmc.ca/sunday-sermon/2016_06/,2016,06,https://www.dropbox.com/s/4atv9dsvk910v5f/Luan4.MP3?dl=1,
https://lrcmc.ca/sunday-sermon/2016_07/,2016,07,https://www.dropbox.com/s/rkfmde8gqgr7vls/Treasures%20in%20Jars%20of%20Clay_2016_7-16.pptx?dl=1,2016_07_10 Treasures in Jars of Clay (ppt)
https://lrcmc.ca/sunday-sermon/2016_07/,2016,07,https://www.dropbox.com/s/kbk8f9vm6vsbbhz/%E6%B5%AA%E5%AD%90%E7%B3%BB%E5%88%971%E5%B0%8F%E5%84%BF%E5%AD%90.pptx?dl=1,2016_07_17 浪子系列1小儿子 (ppt)
https://lrcmc.ca/sunday-sermon/2016_07/,2016,07,https://www.dropbox.com/s/9yj3ch90wfsm08z/%E6%B5%AA%E5%AD%90%E7%B3%BB%E5%88%972%E5%A4%A7%E5%84%BF%E5%AD%90.pptx?dl=1,2016_07_24 浪子系列2大儿子 (ppt)
https://lrcmc.ca/sunday-sermon/2016_07/,2016,07,https://www.dropbox.com/s/m4ooddndxx7dqff/2016_07_31-%E6%B5%AA%E5%AD%90%E7%B3%BB%E5%88%973%E7%88%B6%E4%BA%B2.pptx?dl=1,2016_07_31 浪子系列3父亲 (ppt)
https://lrcmc.ca/sunday-sermon/2016_07/,2016,07,https://www.dropbox.com/s/hxi4o6tfut9mtr1/2016-07-10.mp3?dl=1,
https://lrcmc.ca/sunday-sermon/2016_07/,2016,07,https://www.dropbox.com/s/ucq402j8z5qpjyl/2016-07-17.mp3?dl=1,
https://lrcmc.ca/sunday-sermon/2016_07/,2016,07,https://www.dropbox.com/s/cxslg0ipfdttyl2/2016_07_24.mp3?dl=1,
https://lrcmc.ca/sunday-sermon/2016_07/,2016,07,https://www.dropbox.com/s/4hz9v4i1cj6iu9c/2016_07_31.mp3?dl=1,
https://lrcmc.ca/sunday-sermon/2016_08/,2016,08,https://www.dropbox.com/s/ctitu1ugvlx9v0v/2016-08-07%E8%80%B6%E7%A8%A3%E5%9F%BA%E7%9D%A3%E9%92%89%E5%8D%81%E5%AD%97%E6%9E%B6.ppt?dl=1,2016-08-07耶稣基督钉十字架(ppt)
https://lrcmc.ca/sunday-sermon/2016_08/,2016,08,https://www.dropbox.com/s/wvbzjbm2iidlw75/2016_08_14-2%E6%97%A0%E4%BB%B7%E4%B9%8B%E5%AE%9D.pptx?dl=1,2016_08_14-2无价之宝(ppt)
https://lrcmc.ca/sunday-sermon/2016_08/,2016,08,https://www.dropbox.com/s/n03ytmemx61s09q/20160821%20sermon.pptx?dl=1,2016_08_21饶恕的功课(ppt)
https://lrcmc.ca/sunday-sermon/2016_08/,2016,08,https://www.dropbox.com/s/e84r2cvl6031oub/4.pptx?dl=1,2016_08_28(ppt)
https://lrcmc.ca/sunday-sermon/2016_08/,2016,08,https://www.dropbox.com/s/ladxasz93hxp0co/2016-08-07.mp3?dl=1,
https://lrcmc.ca/sunday-sermon/2016_08/,2016,08,https://www.dropbox.com/s/y0q909fnfuvfxb1/2016_08_14.mp3?dl=1,
https://lrcmc.ca/sunday-sermon/2016_08/,2016,08,https://www.dropbox.com/s/5o6u55s9k10iafs/2016-08-21.mp3?dl=1,
https://lrcmc.ca/sunday-sermon/2016_08/,2016,08,https://www.dropbox.com/s/6j7nyzncmz1qoun/2016-08-28.mp3?dl=1,
https://lrcmc.ca/sunday-sermon/2016_09/,2016,09,https://www.dropbox.com/s/xqb5rq2wjup5z6q/4%E5%A5%BD%E7%89%A7%E4%BA%BA1.pptx?dl=1,2016_09_04 4好牧人1 (ppt)
https://lrcmc.ca/sunday-sermon/2016_09/,2016,09,https://www.dropbox.com/s/ribuf1kvkel5tdk/5%E5%A5%BD%E7%89%A7%E4%BA%BA2.pptx?dl=1,2016_09_11 5好牧人2 (ppt)
https://lrcmc.ca/sunday-sermon/2016_09/,2016,09,https://www.dropbox.com/s/e84r2cvl6031oub/4.pptx?dl=1,ppt
https://lrcmc.ca/sunday-sermon/2016_09/,2016,09,https://www.dropbox.com/s/pfbvya4u5oucpf0/2016_09_25-6%E8%91%A1%E8%90%84%E5%9B%AD%E5%B7%A5%E4%BA%BA.pptx?dl=1,2016_09_25 6葡萄园工人 (ppt)
https://lrcmc.ca/sunday-sermon/2016_09/,2016,09,https://www.dropbox.com/s/jni3r0g9mpnjlhq/2016_09_04.mp3?dl=1,
https://lrcmc.ca/sunday-sermon/2016_09/,2016,09,https://www.dropbox.com/s/boer6tnmwmxknnl/2016-09-11.mp3?dl=1,
https://lrcmc.ca/sunday-sermon/2016_09/,2016,09,https://www.dropbox.com/s/nraunwmxn9h39eh/2016_09_18.mp3?dl=1,
https://lrcmc.ca/sunday-sermon/2016_09/,2016,09,https://www.dropbox.com/s/qo17nif8j86saip/2016_09_25.mp3?dl=1,
https://lrcmc.ca/sunday-sermon/2016_10/,2016,10,https://www.dropbox.com/s/73yw0fdlgvcqz02/2016-10-02.pptx?dl=1,2016_10_02 好撒玛利亚人 (ppt)
https://lrcmc.ca/sunday-sermon/2016_10/,2016,10,https://www.dropbox.com/s/wa2l30kqk4mp4p8/2016Thanksgiving.pptx?dl=1,2016_10_09 感恩节 (ppt)
https://lrcmc.ca/sunday-sermon/2016_10/,2016,10,https://www.dropbox.com/s/bp6d2e5xn06o7p7/2016_10_16-How%20Grateful%20Are%20You.pptx?dl=1,2016_10_16 你多伟大 (ppt)
https://lrcmc.ca/sunday-sermon/2016_10/,2016,10,https://www.dropbox.com/s/3rqgy2je7x9x0z1/2016-10-23%20Romans%2010%20%281%29%20-CHI.pptx?dl=1,2016_10_23 你必须信 (ppt)
https://lrcmc.ca/sunday-sermon/2016_10/,2016,10,https://www.dropbox.com/s/jb3i5l3febnvus8/2016-10-30%20%208%E5%9C%A3%E6%AE%BF%E7%A5%B7%E5%91%8A.pptx?dl=1,2016_10_30 圣殿祷告 (ppt)
https://lrcmc.ca/sunday-sermon/2016_10/,2016,10,https://www.dropbox.com/s/6bpzfex1vjjp6fb/2016-10-02.mp3?dl=1,
https://lrcmc.ca/sunday-sermon/2016_10/,2016,10,https://www.dropbox.com/s/7ieqk7ph0xwva87/2016_10_09.mp3?dl=1,
https://lrcmc.ca/sunday-sermon/2016_10/,2016,10,https://www.dropbox.com/s/9ya7r6u024h5jd1/2016_10_16.mp3?dl=1,
https://lrcmc.ca/sunday-sermon/2016_10/,2016,10,https://www.dropbox.com/s/jnoiw0002omo8pz/2016-10-23.mp3?dl=1,
https://lrcmc.ca/sunday-sermon/2016_10/,2016,10,https://www.dropbox.com/s/jfhdehk2kojj85v/2016-10-30.mp3?dl=1,
https://lrcmc.ca/sunday-sermon/2016_11/,2016,11,https://www.dropbox.com/s/sy6oh5x7lm6ri26/2016-11-06%20-%20%E5%8D%81%E4%B8%AA%E7%AB%A5%E5%A5%B3.pptx?dl=1,2016_11_06 十个童女 (ppt)
https://lrcmc.ca/sunday-sermon/2016_11/,2016,11,https://www.dropbox.com/s/8hm1ihimix28xvj/2016_11_13-%E8%80%B6%E7%A8%A3%E5%9F%BA%E7%9D%A3%E5%8D%81%E5%AD%97%E6%9E%B6%E7%9A%84%E5%A4%A7%E8%83%BD.ppt?dl=1,2016_11_13 耶稣基督十架的大能 (ppt)
https://lrcmc.ca/sunday-sermon/2016_11/,2016,11,https://www.dropbox.com/s/56xlb9wh10gmtbl/2016_11_20%20%E5%AD%A9%E7%AB%A5%E5%A5%89%E7%8C%AE%E7%A4%BC.pptx?dl=1,2016_11_20 孩童奉献礼 (ppt)
https://lrcmc.ca/sunday-sermon/2016_11/,2016,11,https://www.dropbox.com/s/hpjzj49qtk0lol5/2016_11_27_9%E7%A3%90%E7%9F%B3%E4%B8%8A%E5%BB%BA%E6%88%BF%E5%B1%8B.pptx?dl=1,2016_11_27_9磐石上建房屋 (ppt)
https://lrcmc.ca/sunday-sermon/2016_11/,2016,11,https://www.dropbox.com/s/zuafnfowaj3asbq/2016_11_06.mp3?dl=1,
https://lrcmc.ca/sunday-sermon/2016_11/,2016,11,https://www.dropbox.com/s/ah0u5d568cf3qb2/2016_11_13.mp3?dl=1,
https://lrcmc.ca/sunday-sermon/2016_11/,2016,11,https://www.dropbox.com/s/b0hgn3xaiv2e3ui/2016_11_20.mp3?dl=1,
https://lrcmc.ca/sunday-sermon/2016_11/,2016,11,https://www.dropbox.com/s/6wloidfmvt6y3ya/2016_11_27.mp3?dl=1,
https://lrcmc.ca/sunday-sermon/2016_12/,2016,12,https://www.dropbox.com/s/zq8l2x36mg1u121/2016-12-04.pptx?dl=1,2016_12_03 (ppt)
https://lrcmc.ca/sunday-sermon/2016_12/,2016,12,https://www.dropbox.com/s/2ohz9q005e7yhuv/2016-12-11%20%E5%8D%81%E5%AD%97%E6%9E%B6%E4%B8%8E%E6%88%91.pptx?dl=1,2016_12_10 十字架与我 (ppt)
https://lrcmc.ca/sunday-sermon/2016_12/,2016,12,https://www.dropbox.com/s/950szgfdap1pidq/2016_12_18-The%20reasons%20for%20Christmas%20-%20CHI.pptx?dl=1,2016_12_17 The reasons for Christmas – CHI (ppt)
https://lrcmc.ca/sunday-sermon/2016_12/,2016,12,https://www.dropbox.com/s/rfgh8dhto8rzvb7/2016-12-04.mp3?dl=1,
https://lrcmc.ca/sunday-sermon/2016_12/,2016,12,https://www.dropbox.com/s/fubaicq4ge5umd2/2016-12-11.mp3?dl=1,
https://lrcmc.ca/sunday-sermon/2016_12/,2016,12,https://www.dropbox.com/s/m49w967nnz68071/2016_12_18.mp3?dl=1,
https://lrcmc.ca/sunday-sermon/2017_01/,2017,01,https://www.dropbox.com/s/06jf0yhzszlmbfv/2017-01-01%20FourPrinciples.pptx?dl=1,2017_01_01 Four Principles (ppt)
https://lrcmc.ca/sunday-sermon/2017_01/,2017,01,https://www.dropbox.com/s/yhdyexruzvw7v90/2017-01-08-10%E5%85%89%E5%92%8C%E7%9B%90.pptx?dl=1,2017_01_08 光和盐(ppt)
https://lrcmc.ca/sunday-sermon/2017_01/,2017,01,https://www.dropbox.com/s/kcykewrmcie6gj5/2017_01_15-13%E4%BA%BA%E7%94%9F%E7%9A%84%E4%B8%BB%E6%9D%83.pptx?dl=1,2017_01_15 人生的主权(ppt)
https://lrcmc.ca/sunday-sermon/2017_01/,2017,01,https://www.dropbox.com/s/8m1spjmetta3ey7/2017_01_29_%E8%BF%87%E5%B9%B4%E7%9A%84%E8%81%94%E6%83%B3.pptx?dl=1,2017_01_29_过年的联想(ppt)
https://lrcmc.ca/sunday-sermon/2017_01/,2017,01,https://www.dropbox.com/s/8fim9e4d8vvx26i/2017-01-08.mp3?dl=1,
https://lrcmc.ca/sunday-sermon/2017_01/,2017,01,https://www.dropbox.com/s/6rfqiuvk76req85/2017_01_15.mp3?dl=1,
https://lrcmc.ca/sunday-sermon/2017_01/,2017,01,https://www.dropbox.com/s/038xk3r4i3xn5ht/2017_01_29.mp3?dl=1,
https://lrcmc.ca/sunday-sermon/2017_02/,2017,02,https://www.dropbox.com/s/ynv5h4xcfia9rou/2017-02-05.pptx?dl=1,2017_02_05 信心之旅的起点(ppt)
https://lrcmc.ca/sunday-sermon/2017_02/,2017,02,https://www.dropbox.com/s/x3q0meqp6qs1ubw/%E5%90%8C%E5%BF%83%E5%90%8C%E5%B7%A5%E7%9A%84%E7%A5%95%E8%A8%A3.pptx?dl=1,2017_02_11 同心同工的祕訣(ppt)
https://lrcmc.ca/sunday-sermon/2017_02/,2017,02,https://www.dropbox.com/s/yf7u3ffn7e74l9n/2017_02_12-%E8%B7%9F%E9%9A%8F%E5%9F%BA%E7%9D%A3%E7%9A%84%E8%84%9A%E8%B8%AA%E8%A1%8C.pptx?dl=1,2017_02_12 跟随基督的脚踪行(ppt)
https://lrcmc.ca/sunday-sermon/2017_02/,2017,02,https://www.dropbox.com/s/i3e7gghwaawnlb2/2017-02-19%20%E6%8A%8A%E5%9F%BA%E7%9D%A3%E4%BF%A1%E4%BB%B0%E5%B8%A6%E5%9B%9E%E4%BD%A0%E7%9A%84%E5%AE%B6.pptx?dl=1,2017-02-19 把基督信仰带回你的家(ppt)
https://lrcmc.ca/sunday-sermon/2017_02/,2017,02,https://www.dropbox.com/s/1exwepc9bjaixo3/2016-02-26%20preaching.pptx?dl=1,2017-02-26 Preaching
https://lrcmc.ca/sunday-sermon/2017_02/,2017,02,https://www.dropbox.com/s/32q3fj1rbwcyvx2/2017-02-05.mp3?dl=1,
https://lrcmc.ca/sunday-sermon/2017_02/,2017,02,https://www.dropbox.com/s/zw6s3bxqo3qxl5j/2017_02_11-first-part.mp3?dl=1,
https://lrcmc.ca/sunday-sermon/2017_02/,2017,02,https://www.dropbox.com/s/3rmdukiyzrqoujz/2017_02_11-second-part.mp3?dl=1,
https://lrcmc.ca/sunday-sermon/2017_02/,2017,02,https://www.dropbox.com/s/wrxd8u2ndqz9tqi/2017_02_12.mp3?dl=1,
https://lrcmc.ca/sunday-sermon/2017_02/,2017,02,https://www.dropbox.com/s/iwvmm8hhrcaffte/2017-02-19.mp3?dl=1,
https://lrcmc.ca/sunday-sermon/2017_02/,2017,02,https://www.dropbox.com/s/7wu99qc1qqavvwn/2017_02_26.mp3?dl=1,
https://lrcmc.ca/sunday-sermon/2017_03/,2017,03,https://www.dropbox.com/s/nfy887sf3mplw5b/2017_03_05-9%E5%90%BE%E7%8F%A5%E5%93%88%E5%85%B0%E8%BF%A6%E5%8D%972.pptx?dl=1,2017_03_05 9吾珥哈兰迦南2(ppt)
https://lrcmc.ca/sunday-sermon/2017_03/,2017,03,https://www.dropbox.com/s/6t87j76ub9dw5nh/2017-03-12Romans%2011%20%281%29%20-CHI.pptx?dl=1,2017_03_12 上帝会失败吗(ppt)
https://lrcmc.ca/sunday-sermon/2017_03/,2017,03,https://www.dropbox.com/s/vcuu82my846x7dm/2017-03-19%E4%BA%9A%E4%BC%AF%E6%8B%89%E7%BD%95%E4%B9%8B%E7%BA%A63.pptx?dl=1,2017_03_19 亚伯拉罕之约(ppt)
https://lrcmc.ca/sunday-sermon/2017_03/,2017,03,https://www.dropbox.com/s/sprgytg6uj0ltz7/2017_03_26-%E9%9D%A0%E4%B8%BB%E7%AB%99%E7%AB%8B%E7%9A%84%E7%A8%B3.pptx?dl=1,2017_03_26-靠主站立的稳(ppt)
https://lrcmc.ca/sunday-sermon/2017_03/,2017,03,https://www.dropbox.com/s/32q3fj1rbwcyvx2/2017-03-05.mp3?dl=1,
https://lrcmc.ca/sunday-sermon/2017_03/,2017,03,https://www.dropbox.com/s/542khr4ffym3kq4/2017_03_12.mp3?dl=1,
https://lrcmc.ca/sunday-sermon/2017_03/,2017,03,https://www.dropbox.com/s/u3b1ucwcuksb45p/2017_03_19.mp3?dl=1,
https://lrcmc.ca/sunday-sermon/2017_03/,2017,03,https://www.dropbox.com/s/9ro93jbgdsp687d/2017_03_26.mp3?dl=1,
https://lrcmc.ca/sunday-sermon/2017_04/,2017,04,https://www.dropbox.com/s/8gukqni23vcd7kh/2017-04-02%E5%BE%97%E4%B8%8E%E5%A4%B14.pptx?dl=1,2017-04-02 得与失4(ppt)
https://lrcmc.ca/sunday-sermon/2017_04/,2017,04,https://www.dropbox.com/s/1zbdnbo413aa2ws/2017-04-09_15%E4%BF%A1%E5%BF%83%E7%9A%84%E5%B7%85%E5%B3%B05.pptx?dl=1,2017-04-09_15信心的巅峰5(ppt)
https://lrcmc.ca/sunday-sermon/2017_04/,2017,04,https://www.dropbox.com/s/3we52owc10xwqj1/2017_04_16-2017EasterBaptism.pptx?dl=1,2017-04-16_15与主同死同活(ppt)
https://lrcmc.ca/sunday-sermon/2017_04/,2017,04,https://www.dropbox.com/s/6gln5qi4o7ag1l6/2017-04-23%20%E9%95%BF%E5%AD%90%E5%90%8D%E5%88%86%E4%B8%8E%E7%BA%A2%E8%B1%86%E6%B1%A4.pptx?dl=1,2017-04-23 长子名分与红豆汤(ppt)
https://lrcmc.ca/sunday-sermon/2017_04/,2017,04,https://www.dropbox.com/s/lovcybaeso9ck0z/2017_04_30%E4%B8%BB%E7%9A%84%E5%91%BD%E4%BB%A4%E5%92%8C%E7%A5%9E%E7%9A%84%E6%97%A8%E6%84%8F.pptx?dl=1,2016_04_30 主的命令和神的旨意(ppt)
https://lrcmc.ca/sunday-sermon/2017_04/,2017,04,https://www.dropbox.com/s/a5nciaiml3ru91i/2017-04-02.mp3?dl=1,
https://lrcmc.ca/sunday-sermon/2017_04/,2017,04,https://www.dropbox.com/s/26ga44dwngm0rpi/2017-04-09.mp3?dl=1,
https://lrcmc.ca/sunday-sermon/2017_04/,2017,04,https://www.dropbox.com/s/u7fr1b42994hruq/2017_04_16.mp3?dl=1,
https://lrcmc.ca/sunday-sermon/2017_04/,2017,04,https://www.dropbox.com/s/8boe6rx5mws4duo/2017-04-23.mp3?dl=1,
https://lrcmc.ca/sunday-sermon/2017_04/,2017,04,https://www.dropbox.com/s/f42bkh5198prv0d/2017-04-30.mp3?dl=1,
https://lrcmc.ca/sunday-sermon/2017_05/,2017,05,https://www.dropbox.com/s/69fgnoz0n64twcl/18%E5%A4%A9%E6%A2%AF-%E7%A5%9E%E7%9C%9F%E7%9A%84%E5%9C%A8%E8%BF%99%E9%87%8C.pptx?dl=1,2017_05_07 18天梯-神真的在这里(ppt)
https://lrcmc.ca/sunday-sermon/2017_05/,2017,05,https://www.dropbox.com/s/2cja3c51dvgisdf/2017_05_14-2017mothersday.pptx?dl=1,2017_05_14 mother’s day(ppt)
https://lrcmc.ca/sunday-sermon/2017_05/,2017,05,https://www.dropbox.com/s/o1kn4fq39pltny5/2017-05-21_Romans%2012%20%281%29%20-CHI.pptx?dl=1,2017-05-21_Romans 12 (1) -CHI(ppt)
https://lrcmc.ca/sunday-sermon/2017_05/,2017,05,https://www.dropbox.com/s/r8cxhbui4tky4yl/2017_05-28_19%E5%AE%87%E5%AE%99%E6%91%94%E8%B7%A4%E5%86%A0%E5%86%9B.pptx?dl=1,2017-05-28 宇宙摔跤冠军(ppt)
https://lrcmc.ca/sunday-sermon/2017_05/,2017,05,https://www.dropbox.com/s/aerttmu6q5hpmz2/2017-05-07.mp3?dl=1,
https://lrcmc.ca/sunday-sermon/2017_05/,2017,05,https://www.dropbox.com/s/09zjvzl37mu3qnv/2017_05_14.mp3?dl=1,
https://lrcmc.ca/sunday-sermon/2017_05/,2017,05,https://www.dropbox.com/s/jo8n270djb8ej5w/2017-05-21.mp3?dl=1,
https://lrcmc.ca/sunday-sermon/2017_05/,2017,05,https://www.dropbox.com/s/dn3xs1x7r9oem8e/2017-05-28.mp3?dl=1,
https://lrcmc.ca/sunday-sermon/2017_06/,2017,06,https://www.dropbox.com/s/4vwn07l5dabnwa5/2017-06-11%20How%20do%20the%20teachings%20of%20grace%20lead%20to%20Holy%20Living.ppt?dl=1,2017-06-11 How do the teachings of grace lead to Holy Living(ppt)
https://lrcmc.ca/sunday-sermon/2017_06/,2017,06,https://www.dropbox.com/s/6vk2zjpbw8je7r7/2017_06_25-%E8%92%99%20%20%E7%A5%9E%E6%8B%A3%E9%80%89%E7%9A%84%E4%BA%BA.pptx?dl=1,2017-06-25 蒙  神拣选的人(ppt)
https://lrcmc.ca/sunday-sermon/2017_06/,2017,06,https://www.dropbox.com/s/g57742j9aj2oic7/2017-06-04.mp3?dl=1,
https://lrcmc.ca/sunday-sermon/2017_06/,2017,06,https://www.dropbox.com/s/xxphkft8hbzm0gh/2017-06-11.mp3?dl=1,
https://lrcmc.ca/sunday-sermon/2017_06/,2017,06,https://www.dropbox.com/s/57bbemm3eou8tmi/2017-06-18.mp3?dl=1,
https://lrcmc.ca/sunday-sermon/2017_06/,2017,06,https://www.dropbox.com/s/qe3mqowmjcp3ya7/2017_06_25.mp3?dl=,
https://lrcmc.ca/sunday-sermon/2017_07/,2017,07,https://www.dropbox.com/s/4tpa6jqfqhkajxs/2017-07-02%20CanadaDay.pptx?dl=1,2017-07-02 Canada Day (ppt)
https://lrcmc.ca/sunday-sermon/2017_07/,2017,07,https://www.dropbox.com/s/0xo7hb5jijhzpju/2017-07-09%E4%BB%8E%E5%A5%B4%E9%9A%B6%E5%88%B0%E6%80%BB%E7%90%86.pptx?dl=1,2017-07-09 2017-07-09从奴隶到总理(ppt)
https://lrcmc.ca/sunday-sermon/2017_07/,2017,07,https://www.dropbox.com/s/0viw6yqs2d3vi2o/2017_07_16-Romans%2012%20%283%29%20chi.pptx?dl=1,2017_07_16 Romans 12 (3) chi(ppt)
https://lrcmc.ca/sunday-sermon/2017_07/,2017,07,https://www.dropbox.com/s/x80rpxg6p49t9gz/2017_07_23_CBCbaptiseSunday.pptx?dl=1,2017_07_23 CBCbaptiseSunday(ppt)
https://lrcmc.ca/sunday-sermon/2017_07/,2017,07,https://www.dropbox.com/s/x2f8jqr194rojxk/2017-07-30%E6%B0%B8%E7%94%9F%E4%B9%8B%E9%81%93.pptx?dl=1,2017-07-30 永生之道(ppt)
https://lrcmc.ca/sunday-sermon/2017_07/,2017,07,https://www.dropbox.com/s/d2n2sd713w9mb04/2017-07-02.mp3?dl=1,
https://lrcmc.ca/sunday-sermon/2017_07/,2017,07,https://www.dropbox.com/s/cvkuwmt6r7n64wo/2017-07-09.mp3?dl=1,
https://lrcmc.ca/sunday-sermon/2017_07/,2017,07,https://www.dropbox.com/s/bxmz16kb1n34emp/2017_07_16.mp3?dl=1,
https://lrcmc.ca/sunday-sermon/2017_07/,2017,07,https://www.dropbox.com/s/m7wb33g9851wtxe/2017_07_23.mp3?dl=1,
https://lrcmc.ca/sunday-sermon/2017_07/,2017,07,https://www.dropbox.com/s/v1hj2teegeleaw0/2017-07-30.mp3?dl=1,
https://lrcmc.ca/sunday-sermon/2017_08/,2017,08,https://www.dropbox.com/s/u7r25nera42zixj/2017-08-06_21%E7%A5%9E%E7%9A%84%E6%84%8F%E6%80%9D%E5%8E%9F%E6%98%AF%E5%A5%BD%E7%9A%84.pptx?dl=1,2017-08-06_21神的意思原是好的(ppt)
https://lrcmc.ca/sunday-sermon/2017_08/,2017,08,https://www.dropbox.com/s/90lf8kr9ppktfxw/2017-08-20%20gettingmature.pptx?dl=1,2017-08-20 Getting Mature(ppt)
https://lrcmc.ca/sunday-sermon/2017_08/,2017,08,https://www.dropbox.com/s/cca3urszigb258i/2017-08-27%20preaching.pptx?dl=1,2017-08-27 preaching(ppt)
https://lrcmc.ca/sunday-sermon/2017_08/,2017,08,https://www.dropbox.com/s/99ym8himi1sgu6v/2017-08-06.mp3?dl=1,
https://lrcmc.ca/sunday-sermon/2017_08/,2017,08,https://www.dropbox.com/s/96inylus9xlls82/2017_08_13.mp3?dl=1,
https://lrcmc.ca/sunday-sermon/2017_08/,2017,08,https://www.dropbox.com/s/0xf925fb0facfsm/2017-08-20.mp3?dl=1,
https://lrcmc.ca/sunday-sermon/2017_08/,2017,08,https://www.dropbox.com/s/kzv6hg6b3evwq6z/2017-08-27.mp3?dl=1,
https://lrcmc.ca/sunday-sermon/2017_09/,2017,09,https://www.dropbox.com/s/5hlg69gy1j5m5fv/2017-09-03%20-%201stEvangelicalMsg.pptx?dl=1,2017-09-03 1st Evangelical Msg(ppt)
https://lrcmc.ca/sunday-sermon/2017_09/,2017,09,https://www.dropbox.com/s/td1sox40vs5adf5/2017-09-10%E5%AE%89%E6%8F%90%E9%98%BF%E6%A8%A1%E5%BC%8F.pptx?dl=1,2017-09-10 安提阿模式(ppt)
https://lrcmc.ca/sunday-sermon/2017_09/,2017,09,https://www.dropbox.com/s/majexm9qrb2zunv/2017_09_24-%E8%8E%AB%E5%A4%B1%E8%89%AF%E6%9C%BA--%E4%B8%8E%E4%B8%BB%E5%90%8C%E5%B7%A5.pptx?dl=1,2017-09-24 莫失良机–与主同工(ppt)
https://lrcmc.ca/sunday-sermon/2017_09/,2017,09,https://www.dropbox.com/s/mj09xmwp3kb72v6/2017-09-03.mp3?dl=1,
https://lrcmc.ca/sunday-sermon/2017_09/,2017,09,https://www.dropbox.com/s/va15b3b3x1587rb/2017-09-10.mp3?dl=1,
https://lrcmc.ca/sunday-sermon/2017_09/,2017,09,https://www.dropbox.com/s/175oieh7uu75mq3/2017-09-15.mp3?dl=1,
https://lrcmc.ca/sunday-sermon/2017_09/,2017,09,https://www.dropbox.com/s/q9ww9beolstjico/2017-09-16-morning.mp3?dl=1,
https://lrcmc.ca/sunday-sermon/2017_09/,2017,09,https://www.dropbox.com/s/uy7si724je7yngq/2017-09-17-Fan%20Xuede.mp3?dl=1,
https://lrcmc.ca/sunday-sermon/2017_09/,2017,09,https://www.dropbox.com/s/r3y8d88a8eonz1h/2017_09_24.mp3?dl=1,
https://lrcmc.ca/sunday-sermon/2017_10/,2017,10,https://www.dropbox.com/s/jj5awzmz26tk35j/1%E8%92%99%E5%8F%AC%E4%BD%9C%E5%9C%A3%E5%BE%92.pptx?dl=1,2017-10-01 蒙召作圣徒(ppt)
https://lrcmc.ca/sunday-sermon/2017_10/,2017,10,https://www.dropbox.com/s/ziybo81ia9ki8ve/2017_10_08%E6%84%9F%E6%81%A9%E8%8A%82%E5%8F%97%E6%B4%97.pptx?dl=1,2017_10_08感恩节受洗(ppt)
https://lrcmc.ca/sunday-sermon/2017_10/,2017,10,https://www.dropbox.com/s/dv34k6q4xj439z3/2017_10_15-2%E7%BA%B7%E4%BA%89%E4%B8%8E%E5%90%88%E4%B8%80.pptx?dl=1,2017_10_15-2纷争与合一(ppt)
https://lrcmc.ca/sunday-sermon/2017_10/,2017,10,https://www.dropbox.com/s/vfj3wl1sd2ku5jn/2017_10_22%20-%20Romans%2012%20%284%29%20-%20Chi.pptx?dl=1,2017_10_22 Romans 12 (4) – Chi(ppt)
https://lrcmc.ca/sunday-sermon/2017_10/,2017,10,https://www.dropbox.com/s/c2g9zr3twhv5fmz/2017_10_29_3%E5%8D%81%E5%AD%97%E6%9E%B6%E7%9A%84%E9%81%93%E7%90%86.pptx?dl=1,2017_10_29_3 十字架的道理(ppt)
https://lrcmc.ca/sunday-sermon/2017_10/,2017,10,https://www.dropbox.com/s/yicfevi5enndgkg/2017_10_01.mp3?dl=1,
https://lrcmc.ca/sunday-sermon/2017_10/,2017,10,https://www.dropbox.com/s/1tdn6cyj3r0xxb6/2017_10_08.mp3?dl=1,
https://lrcmc.ca/sunday-sermon/2017_10/,2017,10,https://www.dropbox.com/s/ehmfo9dtbnwn2zd/2017_10_15.mp3?dl=1,
https://lrcmc.ca/sunday-sermon/2017_10/,2017,10,https://www.dropbox.com/s/zkas49ae00g8lfb/2017_10_22.mp3?dl=1,
https://lrcmc.ca/sunday-sermon/2017_10/,2017,10,https://www.dropbox.com/s/1vryurl8izysjeq/2017-10-29.mp3?dl=1,
https://lrcmc.ca/sunday-sermon/2017_11/,2017,11,https://www.dropbox.com/s/8g3fxhlzmo5auf4/Presentation2017_11_12.pptx?dl=1,2017-11_12(ppt)
https://lrcmc.ca/sunday-sermon/2017_11/,2017,11,https://www.dropbox.com/s/iqlcizm2c20xzlp/2017-11-26_4%E5%8F%AA%E4%BC%A0%E5%8D%81%E5%AD%97%E6%9E%B6.pptx?dl=1,2017-11_26 只传十字架(ppt)
https://lrcmc.ca/sunday-sermon/2017_11/,2017,11,https://www.dropbox.com/s/jtw17ndewjdjryc/2017-11-05.mp3?dl=1,
https://lrcmc.ca/sunday-sermon/2017_11/,2017,11,https://www.dropbox.com/s/w7fa7w41kov3y2f/2017-11-12.mp3?dl=1,
https://lrcmc.ca/sunday-sermon/2017_11/,2017,11,https://www.dropbox.com/s/hhuzsyw98v0vjox/2017-11-19.mp3?dl=1,
https://lrcmc.ca/sunday-sermon/2017_11/,2017,11,https://www.dropbox.com/s/g3ex9acx7ur2dmn/2017-11-26.mp3?dl=1,
https://lrcmc.ca/sunday-sermon/2017_12/,2017,12,https://www.dropbox.com/s/4jgu5af4dbulz2e/2017-12-10_%E7%88%B1%E6%83%9C%E5%85%89%E9%98%B4%EF%BC%9B%E5%BC%975%EF%BC%9A15-18.pptx?dl=1,2017-12-10_爱惜光阴；弗5：15-18.pptx(ppt)
https://lrcmc.ca/sunday-sermon/2017_12/,2017,12,https://www.dropbox.com/s/pjcc9q38k8hd98l/2017_12_17-GloriousHope.pptx?dl=1,2017-12-17 Glorious Hope(ppt)
https://lrcmc.ca/sunday-sermon/2017_12/,2017,12,https://www.dropbox.com/s/wsv5s7h5g4j4bh7/2017_12_24-Gr8Joy.pptx?dl=1,2017-12-24 Joy(ppt)
https://lrcmc.ca/sunday-sermon/2017_12/,2017,12,https://www.dropbox.com/s/7c7k4kmwvnprswz/2017-12-31-Yuan_Dec31_2017.pptx?dl=1,2017-12-31 New Year(ppt)
https://lrcmc.ca/sunday-sermon/2017_12/,2017,12,https://www.dropbox.com/s/59h5goxz7r3jzmc/2017-12-10.mp3?dl=1,
https://lrcmc.ca/sunday-sermon/2017_12/,2017,12,https://www.dropbox.com/s/azcmqb031j4q0fk/2017_12_17.mp3?dl=1,
https://lrcmc.ca/sunday-sermon/2017_12/,2017,12,https://www.dropbox.com/s/wssand88llua75a/2017_12_24.mp3?dl=1,
https://lrcmc.ca/sunday-sermon/2017_12/,2017,12,https://www.dropbox.com/s/8mkzpsk4wqj8fb3/2017-12-31.mp3?dl=1,
https://lrcmc.ca/sunday-sermon/2018_01/,2018,01,https://www.dropbox.com/s/h15p6dtlmt5xfyv/2018-01-07%20%E6%96%B0%E5%B9%B4%E6%96%B0%E4%BA%BA%E6%96%B0%E7%94%9F%E6%B4%BB.ppt?dl=1,2018_01_07新年新人新生活pptx(ppt)
https://lrcmc.ca/sunday-sermon/2018_01/,2018,01,https://www.dropbox.com/s/ne2sew4o2gf06us/2018_01_14-%E7%A6%8F%E9%9F%B3%E5%A4%A7%E4%BC%9A.pptx?dl=1,2018_01_14-福音大会(ppt)
https://lrcmc.ca/sunday-sermon/2018_01/,2018,01,https://www.dropbox.com/s/4haz5bh6b2hk7wt/2018_01_21-%E6%8A%B5%E5%BE%A1%E4%B8%96%E4%BF%97%E5%8C%96.pptx?dl=1,2018_01_21-抵御世俗化(ppt)
https://lrcmc.ca/sunday-sermon/2018_01/,2018,01,https://www.dropbox.com/s/c47i050e877cv25/2018_01_28%20Romans%2013%282%29.pptx?dl=1,2018_01_28 Romans 13(2)(ppt)
https://lrcmc.ca/sunday-sermon/2018_01/,2018,01,https://www.dropbox.com/s/k65cqtiej7a2eyc/2018-01-07.mp3?dl=1,
https://lrcmc.ca/sunday-sermon/2018_01/,2018,01,https://www.dropbox.com/s/du5yx4wjd4jxbem/2018_01_14.mp3?dl=1,
https://lrcmc.ca/sunday-sermon/2018_01/,2018,01,https://www.dropbox.com/s/68ugcdu2tljycdx/2018_01_21.mp3?dl=1,
https://lrcmc.ca/sunday-sermon/2018_01/,2018,01,https://www.dropbox.com/s/wta23ndl8krt9ng/2018_01_28.mp3?dl=1,
https://lrcmc.ca/sunday-sermon/2018_02/,2018,02,https://www.dropbox.com/s/j1eoavilhj5k2ju/2018_02_04%E5%84%BF%E7%AB%A5%E5%A5%89%E7%8C%AE%E7%A4%BC.pptx?dl=1,2018_02_04儿童奉献礼(ppt)
https://lrcmc.ca/sunday-sermon/2018_02/,2018,02,https://www.dropbox.com/s/d1alakrp6nhd95m/2018-02-11.pptx?dl=1,(ppt)
https://lrcmc.ca/sunday-sermon/2018_02/,2018,02,https://www.dropbox.com/s/l8mjxh8ydi6f6tx/2018_02_18-%E5%AE%B6%E5%BA%AD%E4%BF%9D%E5%8D%AB%E6%88%98.pptx?dl=1,2018_02_18-家庭保卫战(ppt)
https://lrcmc.ca/sunday-sermon/2018_02/,2018,02,https://www.dropbox.com/s/8c69y158tapepgm/2018-02-25_Mariage.pptx?dl=1,2018-02-25_Mariage(ppt)
https://lrcmc.ca/sunday-sermon/2018_02/,2018,02,https://www.dropbox.com/s/7g31ffexgdgzhq9/2018-02-04.mp3?dl=1,
https://lrcmc.ca/sunday-sermon/2018_02/,2018,02,https://www.dropbox.com/s/7czwlm3jsck84mf/2018-02-11.mp3?dl=1,
https://lrcmc.ca/sunday-sermon/2018_02/,2018,02,https://www.dropbox.com/s/l7zc2t91knmxs29/2018_02_18.mp3?dl=1,
https://lrcmc.ca/sunday-sermon/2018_02/,2018,02,https://www.dropbox.com/s/m7yfv7mxe3ccdpu/2018-02-25.mp3?dl=1,
https://lrcmc.ca/sunday-sermon/2018_03/,2018,03,https://www.dropbox.com/s/97vygzeerpixmlg/2018-03-04.pptx?dl=1,2018_03_04(ppt)
https://lrcmc.ca/sunday-sermon/2018_03/,2018,03,https://www.dropbox.com/s/14c6r6e4an1lcsy/2018-03-11_%E5%8D%81%E5%AD%97%E6%9E%B6%E4%B8%8E%E5%9C%A3%E7%81%B5.pptx?dl=1,2018-03-11_十字架与圣灵(ppt)
https://lrcmc.ca/sunday-sermon/2018_03/,2018,03,https://www.dropbox.com/s/nhhd071c43z2xrd/2018-03-18-%E4%BB%8E%E5%B1%9E%E8%82%89%E4%BD%93%E5%88%B0%E5%B1%9E%E7%81%B5.pptx?dl=1,2018-03-18_从属肉体到属灵(ppt)
https://lrcmc.ca/sunday-sermon/2018_03/,2018,03,https://www.dropbox.com/s/k06j0p5kwkkyuvx/2018_03_25-A%20Reason%20for%20Hope.pptx?dl=1,2018-03-25_A Reason For Hope(ppt)
https://lrcmc.ca/sunday-sermon/2018_03/,2018,03,https://www.dropbox.com/s/ismmpck7iii3l65/2018-03-04.mp3?dl=1,
https://lrcmc.ca/sunday-sermon/2018_03/,2018,03,https://www.dropbox.com/s/08jhi86qlsd2wkf/2018-03-11.mp3?dl=1,
https://lrcmc.ca/sunday-sermon/2018_03/,2018,03,https://www.dropbox.com/s/z3uuu01v04fjsyn/2018-03-18.mp3?dl=1,
https://lrcmc.ca/sunday-sermon/2018_03/,2018,03,https://www.dropbox.com/s/cqwr6ses9ohchii/2018-03-25.mp3?dl=1,
https://lrcmc.ca/sunday-sermon/2018_04/,2018,04,https://www.dropbox.com/s/ohxh1dht99n24jh/2018-04-01.pptx?dl=1,2018-04-01 (ppt)
https://lrcmc.ca/sunday-sermon/2018_04/,2018,04,https://www.dropbox.com/s/9lt4vaskyir93jt/2018-04-08-%E8%A1%8C%E4%BA%8B%E8%A6%81%E5%AF%B9%E5%BE%97%E8%B5%B7%20%E7%A5%9E.pptx?dl=1,2018-04-08 (ppt)
https://lrcmc.ca/sunday-sermon/2018_04/,2018,04,https://www.dropbox.com/s/cg13zjwer9xjdbu/2018-04-29_%E7%94%9F%E5%91%BD%E5%B7%A5%E7%A8%8B%E5%BB%BA%E9%80%A0.pptx?dl=1,2018-04-29 (ppt)
https://lrcmc.ca/sunday-sermon/2018_04/,2018,04,https://www.dropbox.com/s/2tckdu4jmyubjb5/2018-04-01.mp3?dl=1,
https://lrcmc.ca/sunday-sermon/2018_04/,2018,04,https://www.dropbox.com/s/min2c77mj0k5bi9/2018-04-08.mp3?dl=1,
https://lrcmc.ca/sunday-sermon/2018_04/,2018,04,https://www.dropbox.com/s/a74zgavxesiutp4/2018-04-22.mp3?dl=1,
https://lrcmc.ca/sunday-sermon/2018_04/,2018,04,https://www.dropbox.com/s/rdqbv59a567r6kj/2018-04-29.mp3?dl=1,
https://lrcmc.ca/sunday-sermon/2018_05/,2018,05,https://www.dropbox.com/s/9xz4qqhulaoduci/2018-05-06%20%E8%A1%8C%E4%BA%8B%E8%A6%81%E5%AF%B9%E5%BE%97%E8%B5%B7%E7%A5%9E-2.pptx?dl=1,2018-05-06 (ppt)
https://lrcmc.ca/sunday-sermon/2018_05/,2018,05,https://www.dropbox.com/s/vu2shzvl9mubvp8/2018-05-13_mothersday.pptx?dl=1,2018-05-13 (ppt)
https://lrcmc.ca/sunday-sermon/2018_05/,2018,05,https://www.dropbox.com/s/mhaif2r12ohz6wp/2018-05-20%20Romans%2014%281%29.pptx?dl=1,2018-05-20 (ppt)
https://lrcmc.ca/sunday-sermon/2018_05/,2018,05,https://www.dropbox.com/s/rm4o2l4g1or47je/2018_05_27-8%E4%BD%A0%E4%BB%AC%E6%98%AF%E7%A5%9E%E7%9A%84%E6%AE%BF.pptx?dl=1,2018-05-27 (ppt)
https://lrcmc.ca/sunday-sermon/2018_05/,2018,05,https://www.dropbox.com/s/5nbx60r9q995cdm/2018-05-06.mp3?dl=1,
https://lrcmc.ca/sunday-sermon/2018_05/,2018,05,https://www.dropbox.com/s/w2urq2oobqa3m3m/2018-05-13.mp3?dl=1,
https://lrcmc.ca/sunday-sermon/2018_05/,2018,05,https://www.dropbox.com/s/6yfwwocb5xm2sjs/2018-05-20.mp3?dl=1,
https://lrcmc.ca/sunday-sermon/2018_05/,2018,05,https://www.dropbox.com/s/mwxyrixev3yw3jz/2018-05-27.mp3?dl=1,
https://lrcmc.ca/sunday-sermon/2018_06/,2018,06,https://www.dropbox.com/s/n8fq7pvf1d0g4y2/2018-06-03.pptx?dl=1,2018-06-03 (ppt)
https://lrcmc.ca/sunday-sermon/2018_06/,2018,06,https://www.dropbox.com/s/2l2fca4r2yhml2t/2018-06-10_Launch%20Into%20the%20Deep%202.pptx?dl=1,2018-06-10 (ppt)
https://lrcmc.ca/sunday-sermon/2018_06/,2018,06,https://www.dropbox.com/s/g0obeg2tdhjzu3l/2018-06-03.mp3?dl=1,
https://lrcmc.ca/sunday-sermon/2018_06/,2018,06,https://www.dropbox.com/s/opyg7jg9vtavmos/2018-06-10.mp3?dl=1,
https://lrcmc.ca/sunday-sermon/2018_06/,2018,06,https://www.dropbox.com/s/xiawiy23r5vnolu/2018-06-17.mp3?dl=1,
https://lrcmc.ca/sunday-sermon/2018_07/,2018,07,https://www.dropbox.com/s/qa4d3dmhbyy4xz6/2018-07-01%E6%9B%B4%E7%BE%8E%E7%9A%84%E5%AE%B6%E4%B9%A1.pptx?dl=1,2018-07-01 (ppt)
https://lrcmc.ca/sunday-sermon/2018_07/,2018,07,https://www.dropbox.com/s/nn5yxf3gj8zuydt/2018-07-08_God_comes_to_us.pptx?dl=1,2018-07-08 (ppt)
https://lrcmc.ca/sunday-sermon/2018_07/,2018,07,https://www.dropbox.com/s/5ydjlg3eizsrasb/2018_07_22-%E6%88%90%E4%B8%BA%E5%9C%A3%E6%B4%81%20%E8%BF%9C%E9%81%BF%E6%B7%AB%E8%A1%8C.pptx?dl=1,2018-07-22 (ppt)
https://lrcmc.ca/sunday-sermon/2018_07/,2018,07,https://www.dropbox.com/s/6wgza11hx0kyij4/2018-07-29_%E4%BD%A0%E4%BB%AC%E6%98%AF%E7%A5%9E%E7%9A%84%E6%AE%BF.pptx?dl=1,2018-07-29 (ppt)
https://lrcmc.ca/sunday-sermon/2018_07/,2018,07,https://www.dropbox.com/s/ug3phwrl6f28o2l/2018-07-01.mp3?dl=1,
https://lrcmc.ca/sunday-sermon/2018_07/,2018,07,https://www.dropbox.com/s/6keyvs2w1pwvc70/2018-07-08.mp3?dl=1,
https://lrcmc.ca/sunday-sermon/2018_07/,2018,07,https://www.dropbox.com/s/kd6y15d6o3brqvq/2018-07-15.mp3?dl=1,
https://lrcmc.ca/sunday-sermon/2018_07/,2018,07,https://www.dropbox.com/s/q7p61wlb2k5lpf0/2018-07-22.mp3?dl=1,
https://lrcmc.ca/sunday-sermon/2018_07/,2018,07,https://www.dropbox.com/s/yafbc8od37eq77l/2018-07-29.mp3?dl=1,
https://lrcmc.ca/sunday-sermon/2018_08/,2018,08,https://www.dropbox.com/s/3s0g8gsd1bltbw4/2018-08-05_%E5%BF%A0%E5%BF%83%E7%9A%84%E7%AE%A1%E5%AE%B6.pptx?dl=1,2018-08-05 (ppt)
https://lrcmc.ca/sunday-sermon/2018_08/,2018,08,https://www.dropbox.com/s/h1ynlg1vw1b7g47/2018-08-12%20Doctrine%20of%20God.pptx%20-%20Chi.pptx?dl=1,2018-08-12 (ppt)
https://lrcmc.ca/sunday-sermon/2018_08/,2018,08,https://www.dropbox.com/s/khg9u785eav9vi1/2018-08-19-%E5%A6%82%E6%88%8F%E4%BA%BA%E7%94%9F.pptx?dl=1,2018-08-19 (ppt)
https://lrcmc.ca/sunday-sermon/2018_08/,2018,08,https://www.dropbox.com/s/sd506cjmvq4yizo/2018-08-26_%E5%8A%B3%E8%8B%A6%E9%9D%9E%E5%BE%92%E7%84%B6.pptx?dl=1,2018-08-26 (ppt)
https://lrcmc.ca/sunday-sermon/2018_08/,2018,08,https://www.dropbox.com/s/koa1m733ugfxn2t/2018-08-05.mp3?dl=1,
https://lrcmc.ca/sunday-sermon/2018_08/,2018,08,https://www.dropbox.com/s/jiyps9sfmktzp24/2018-08-12.mp3?dl=1,
https://lrcmc.ca/sunday-sermon/2018_08/,2018,08,https://www.dropbox.com/s/1ir47xojyef752q/2018-08-19.mp3?dl=1,
https://lrcmc.ca/sunday-sermon/2018_08/,2018,08,https://www.dropbox.com/s/7wql1a4ni7iimmz/2018-08-26.mp3?dl=1,
https://lrcmc.ca/sunday-sermon/2018_09/,2018,09,https://www.dropbox.com/s/l1f4w32zcyrg80n/2018-09-02_%E6%95%99%E4%BC%9A%E4%B8%8E%E7%A6%8F%E9%9F%B3.pptx?dl=1,2018-09-02 (ppt)
https://lrcmc.ca/sunday-sermon/2018_09/,2018,09,https://www.dropbox.com/s/q7777zm8msf1pz4/2018-09-09%20%E9%A2%86%E4%BA%BA%E5%88%B0%E4%B8%BB%E5%89%8D.ppt?dl=1,2018-09-09 (ppt)
https://lrcmc.ca/sunday-sermon/2018_09/,2018,09,https://www.dropbox.com/s/gohgcmnhe0g5wv3/2018-09-16_%E8%80%B6%E7%A8%A3%E7%9A%84%E5%AE%A3%E6%95%99.pptx?dl=1,2018-09-16 (ppt)
https://lrcmc.ca/sunday-sermon/2018_09/,2018,09,https://www.dropbox.com/s/4v209zt4l4czkjy/2018-09-23-%E4%BA%BA%E4%BA%BA%E5%AD%B8%E9%81%93%EF%BC%8C%E4%BA%BA%E4%BA%BA%E4%BD%88%E9%81%93.ppt?dl=1,2018-09-23 (ppt)
https://lrcmc.ca/sunday-sermon/2018_09/,2018,09,https://www.dropbox.com/s/na94vbeyq3m8elg/2018-09-30-Doctrine%20of%20the%20word%20of%20God.pptx%20-%20Chinese.pptx?dl=1,2018-09-30 (ppt)
https://lrcmc.ca/sunday-sermon/2018_09/,2018,09,https://www.dropbox.com/s/6but24d2n3o3os0/2018-09-02.mp3?dl=1,
https://lrcmc.ca/sunday-sermon/2018_09/,2018,09,https://www.dropbox.com/s/mf3u1337yhx4c6y/2018-09-09.mp3?dl=1,
https://lrcmc.ca/sunday-sermon/2018_09/,2018,09,https://www.dropbox.com/s/m5jzfbhyyw77mnj/2018-09-16.mp3?dl=1,
https://lrcmc.ca/sunday-sermon/2018_09/,2018,09,https://www.dropbox.com/s/whuo145efzl6k9h/2018-09-23.mp3?dl=1,
https://lrcmc.ca/sunday-sermon/2018_09/,2018,09,https://www.dropbox.com/s/ckol7ld4qsbbha8/2018-09-30.mp3?dl=1,
https://lrcmc.ca/sunday-sermon/2018_10/,2018,10,https://www.dropbox.com/s/u8rhjvxvyysfq1y/2018-10-07%20%E6%84%9F%E6%81%A9.pptx?dl=1,2018-10-07 (ppt)
https://lrcmc.ca/sunday-sermon/2018_10/,2018,10,https://www.dropbox.com/s/i1e6qg1a7nce57f/2018_10_14-11%E7%A5%9E%E7%9A%84%E6%AE%BF3.pptx?dl=1,2018-10-14 (ppt)
https://lrcmc.ca/sunday-sermon/2018_10/,2018,10,https://www.dropbox.com/s/xw0cy9fp9zt3uq5/2018-10-21%2012%E5%A4%84%E7%90%86%E5%86%B2%E7%AA%81.pptx?dl=1,2018-10-21 (ppt)
https://lrcmc.ca/sunday-sermon/2018_10/,2018,10,https://www.dropbox.com/s/o1ys6x8v7qp47ws/2018-10-28%20%E8%AE%B2%E9%81%93%E7%BB%8F%E6%96%87.pptx?dl=1,2018-10-28 (ppt)
https://lrcmc.ca/sunday-sermon/2018_10/,2018,10,https://www.dropbox.com/s/8xpzn9ix4pmpnxd/2018-10-07%201.mp3?dl=1,
https://lrcmc.ca/sunday-sermon/2018_10/,2018,10,https://www.dropbox.com/s/jbbf1poynlks9y0/2018-10-07%202.mp3?dl=1,
https://lrcmc.ca/sunday-sermon/2018_10/,2018,10,https://www.dropbox.com/s/m5brblhu1xkbx2m/2018_10_14.mp3?dl=1,
https://lrcmc.ca/sunday-sermon/2018_10/,2018,10,https://www.dropbox.com/s/x1wbtfeupwoieqt/2018-10-20_1.mp3?dl=1,
https://lrcmc.ca/sunday-sermon/2018_10/,2018,10,https://www.dropbox.com/s/p500y4m19i0953w/2018-10-21.mp3?dl=1,
https://lrcmc.ca/sunday-sermon/2018_10/,2018,10,https://www.dropbox.com/s/sjlnuxptdgjy1bf/2018-10-28.mp3?dl=1,
https://lrcmc.ca/sunday-sermon/2018_11/,2018,11,https://www.dropbox.com/s/dnkpa9jf99znyee/2018-11-11%E4%B8%BB%E9%99%8D%E4%B8%B4%E4%B8%8E%E5%9C%A3%E5%BE%92%E8%A2%AB%E6%8F%90.pptx?dl=1,2018-11-11 (ppt)
https://lrcmc.ca/sunday-sermon/2018_11/,2018,11,https://www.dropbox.com/s/enzwiksx3rf2hzw/2018-11-25.pptx?dl=1,2018-11-25 (ppt)
https://lrcmc.ca/sunday-sermon/2018_11/,2018,11,https://www.dropbox.com/s/bpf23zsrr7nb5hl/2018-11-04.mp3?dl=1,
https://lrcmc.ca/sunday-sermon/2018_11/,2018,11,https://www.dropbox.com/s/9ymvml0k5ka23cs/2018-11-11.mp3?dl=1,
https://lrcmc.ca/sunday-sermon/2018_11/,2018,11,https://www.dropbox.com/s/ud38knm8ldn3kbu/2018-11-18.mp3?dl=1,
https://lrcmc.ca/sunday-sermon/2018_11/,2018,11,https://www.dropbox.com/s/tl3lx40mnb56lmb/2018-11-25.mp3?dl=1,
https://lrcmc.ca/sunday-sermon/2018_12/,2018,12,https://www.dropbox.com/s/zjrkfkt2c04i031/2018-12-02%20Trifold-hope.pptx?dl=1,2018-12-02 (ppt)
https://lrcmc.ca/sunday-sermon/2018_12/,2018,12,https://www.dropbox.com/s/uo8vhamc4ddrq7s/2018-12-16_Joy%20%28Advent%29%20-%20Christmas%20background.ppt?dl=1,2018-12-16 (ppt)
https://lrcmc.ca/sunday-sermon/2018_12/,2018,12,https://www.dropbox.com/s/ka5ekgt2b27zegc/2018-12-23%E4%B8%BB%E5%9F%BA%E7%9D%A3%E9%99%8D%E7%94%9F%E4%B9%8B%E5%A4%A7%E7%88%B1.pptx?dl=1,2018-12-23 (ppt)
https://lrcmc.ca/sunday-sermon/2018_12/,2018,12,https://www.dropbox.com/s/lwl106q0s2rgivq/2018-12-30%20year_end_sum.pptx?dl=1,2018-12-30 (ppt)
https://lrcmc.ca/sunday-sermon/2018_12/,2018,12,https://www.dropbox.com/s/ogqyddmvbnkr9dy/2018-12-02.mp3?dl=1,
https://lrcmc.ca/sunday-sermon/2018_12/,2018,12,https://www.dropbox.com/s/tu9v1yqwej0em4f/2018-12-09.mp3?dl=1,
https://lrcmc.ca/sunday-sermon/2018_12/,2018,12,https://www.dropbox.com/s/hlza6455qxc4chk/2018-12-16.mp3?dl=1,
https://lrcmc.ca/sunday-sermon/2018_12/,2018,12,https://www.dropbox.com/s/843m781rxsg8e2i/2018-12-23.mp3?dl=1,
https://lrcmc.ca/sunday-sermon/2018_12/,2018,12,https://www.dropbox.com/s/170ix0f92rq1pbj/2018-12-30.mp3?dl=1,
https://lrcmc.ca/sunday-sermon/2019_01/,2019,01,https://www.dropbox.com/s/kxv5n1b6tqzv6kv/2019-01-13The%20Doctrine%20of%20Christ%20%20%28Final%29.pptx?dl=1,2019-01-13 (ppt)
https://lrcmc.ca/sunday-sermon/2019_01/,2019,01,https://www.dropbox.com/s/6p3v8t8ldvgo03h/2019-01-20%201%E6%91%A9%E8%A5%BF1%E7%A5%9E%E6%9C%89%E4%B8%AA%E8%AE%A1%E5%88%92.pptx?dl=1,2019-01-20 (ppt)
https://lrcmc.ca/sunday-sermon/2019_01/,2019,01,https://www.dropbox.com/s/p3b7jexjb85zakj/2019-01-27_%E4%B8%BB%E9%99%8D%E4%B8%B4%E4%B8%8E%E5%9C%A3%E5%BE%92%E8%A2%AB%E6%8F%90%202.pptx?dl=1,2019-01-27 (ppt)
https://lrcmc.ca/sunday-sermon/2019_01/,2019,01,https://www.dropbox.com/s/3wit1wquyi8ysow/2019-01-06.mp3?dl=1,
https://lrcmc.ca/sunday-sermon/2019_01/,2019,01,https://www.dropbox.com/s/a8oao2ei3u0pu7k/2019-01-13.mp3?dl=1,
https://lrcmc.ca/sunday-sermon/2019_01/,2019,01,https://www.dropbox.com/s/0r312ric1p2bn56/2019-01-20.mp3?dl=1,
https://lrcmc.ca/sunday-sermon/2019_01/,2019,01,https://www.dropbox.com/s/m6nwwhd4jy37hy4/2019-01-27.mp3?dl=1,
https://lrcmc.ca/sunday-sermon/2019_02/,2019,02,https://www.dropbox.com/s/gg3mnkjw73c4srd/2019-02-03_%E9%87%8D%E6%96%B0%E7%9B%9F%E7%AB%8B%E5%A9%9A%E7%BA%A6.pptx?dl=1,2019-02-03 (ppt)
https://lrcmc.ca/sunday-sermon/2019_02/,2019,02,https://www.dropbox.com/s/84fmclukzq48uzp/20190217%E4%B8%BA%E5%AE%B6%E4%BA%89%E6%88%98--%E6%9E%97%E8%82%AF%E8%B7%AF%E6%95%99%E4%BC%9A.pptx?dl=1,2019-02-17 (ppt)
https://lrcmc.ca/sunday-sermon/2019_02/,2019,02,https://www.dropbox.com/s/h2mmxeu5vafrhr8/2019-02-24%20%E5%90%8C%E5%BF%83%E5%BB%BA%E9%80%A0--%E5%AE%B6.pptx?dl=1,2019-02-24 (ppt)
https://lrcmc.ca/sunday-sermon/2019_02/,2019,02,https://www.dropbox.com/s/kzoxujtfph8rswc/2019-02-03.mp3?dl=1,
https://lrcmc.ca/sunday-sermon/2019_02/,2019,02,https://www.dropbox.com/s/6vicoo7l3t1upyu/2019-02-10.mp3?dl=1,
https://lrcmc.ca/sunday-sermon/2019_02/,2019,02,https://www.dropbox.com/s/8y53fgx2w6y5eoi/2019-02-17.mp3?dl=1,
https://lrcmc.ca/sunday-sermon/2019_02/,2019,02,https://www.dropbox.com/s/tjiya1vrtdk5s2u/2019-02-24.mp3?dl=1,
https://lrcmc.ca/sunday-sermon/2019_03/,2019,03,https://www.dropbox.com/s/0l39u9gbfw3owt3/2019-03-03%202%E6%91%A9%E8%A5%BF2%E4%BF%A1%E5%BF%83%E4%BC%9F%E4%BA%BA.pptx?dl=1,2019-03-03 (ppt)
https://lrcmc.ca/sunday-sermon/2019_03/,2019,03,https://www.dropbox.com/s/6pl83t2pyf1nlzd/2019-03-10%20You%20are%20a%20Priest.pptx?dl=1,2019-03-10 (ppt)
https://lrcmc.ca/sunday-sermon/2019_03/,2019,03,https://www.dropbox.com/s/ej4bv5si42ucdxx/2019-03-17%20%E7%83%88%E7%81%AB%E8%8D%86%E6%A3%98%E4%B8%AD%E7%9A%84%E5%91%BC%E5%8F%AC.pptx?dl=1,2019-03-17 (ppt)
https://lrcmc.ca/sunday-sermon/2019_03/,2019,03,https://www.dropbox.com/s/ui9smsybt7yhkjy/2019-03-24%20%E8%AD%A6%E9%86%92%E7%AD%89%E5%80%99%E4%B8%BB%E5%86%8D%E6%9D%A5.pptx?dl=1,2019-03-24 (ppt)
https://lrcmc.ca/sunday-sermon/2019_03/,2019,03,https://www.dropbox.com/s/fchrr1mv2v3x2gf/2019-03-03.mp3?dl=1,
https://lrcmc.ca/sunday-sermon/2019_03/,2019,03,https://www.dropbox.com/s/n786bk7qw64ya3n/2019-03-10.mp3?dl=1,
https://lrcmc.ca/sunday-sermon/2019_03/,2019,03,https://www.dropbox.com/s/h80jcw2utqg8e5l/2019-03-17.mp3?dl=1,
https://lrcmc.ca/sunday-sermon/2019_03/,2019,03,https://www.dropbox.com/s/8dups3ahi7g51eu/2019-03-24.mp3?dl=1,
https://lrcmc.ca/sunday-sermon/2019_03/,2019,03,https://www.dropbox.com/s/tojurq1ydi0jbgf/2019-03-31.mp3?dl=1,
https://lrcmc.ca/sunday-sermon/2019_04/,2019,04,https://www.dropbox.com/s/zy3lx6xl7er1lwd/2019-04-07%20Romans%2015%20%281%29.pptx?dl=1,2019-04-07 (ppt)
https://lrcmc.ca/sunday-sermon/2019_04/,2019,04,https://www.dropbox.com/s/v8jrmijsssayud3/2019-04-21-%E8%80%B6%E7%A8%A3%E5%A4%8D%E6%B4%BB%20%281%29.pptx?dl=1,2019-04-21 (ppt)
https://lrcmc.ca/sunday-sermon/2019_04/,2019,04,https://www.dropbox.com/s/swaarthga7ygt9j/2019-04-28_%E6%91%A9%E8%A5%BF%20-%20%E7%A5%9E%E4%BA%BA.pptx?dl=1,2019-04-28 (ppt)
https://lrcmc.ca/sunday-sermon/2019_04/,2019,04,https://www.dropbox.com/s/wcedp0qlbq2rn8y/2019-04-07.mp3?dl=1,
https://lrcmc.ca/sunday-sermon/2019_04/,2019,04,https://www.dropbox.com/s/p5s4x6cz20ss77k/2019-04-14.mp3?dl=1,
https://lrcmc.ca/sunday-sermon/2019_04/,2019,04,https://www.dropbox.com/s/atnt1j3kcmlnk5m/2019-04-21.mp3?dl=1,
https://lrcmc.ca/sunday-sermon/2019_04/,2019,04,https://www.dropbox.com/s/5ir6mnwdaqeeksq/2019-04-28.mp3?dl=1,
https://lrcmc.ca/sunday-sermon/2019_05/,2019,05,https://www.dropbox.com/s/tuxb8qjogm8crhq/2019-05-05-%E6%91%A9%E8%A5%BF%20%E7%89%A7%E8%80%85%E5%85%88%E7%9F%A5.pptx?dl=1,2019-05-05 (ppt)
https://lrcmc.ca/sunday-sermon/2019_05/,2019,05,https://www.dropbox.com/s/mdiksl95t3t55op/2019-05-19%20Romans%2015%20%282%29%20-%20Chi.pptx?dl=1,2019-05-19 (ppt)
https://lrcmc.ca/sunday-sermon/2019_05/,2019,05,https://www.dropbox.com/s/bh1rw2dfouct5jz/2019-05-26%20%E7%AD%89%E5%80%99%E4%B8%BB%E5%86%8D%E6%9D%A5%E7%9A%84%E7%94%9F%E6%B4%BB%EF%BC%9A%E5%B8%96%E5%89%8D5%EF%BC%9A16-28.pptx?dl=1,2019-05-26 (ppt)
https://lrcmc.ca/sunday-sermon/2019_05/,2019,05,https://www.dropbox.com/s/z84u5geijcrz06z/2019-05-05.mp3?dl=1,
https://lrcmc.ca/sunday-sermon/2019_05/,2019,05,https://www.dropbox.com/s/rq1bku5b6amxkja/2019-05-12.mp3?dl=1,
https://lrcmc.ca/sunday-sermon/2019_05/,2019,05,https://www.dropbox.com/s/xm7s9eustotngg3/2019-05-19.mp3?dl=1,
https://lrcmc.ca/sunday-sermon/2019_05/,2019,05,https://www.dropbox.com/s/1s3ac43zge10ky8/2019-05-26.mp3?dl=1,
https://lrcmc.ca/sunday-sermon/2019_06/,2019,06,https://www.dropbox.com/s/u2sz8nxfraoueas/2019-06-02%207%E6%91%A9%E8%A5%BF7%E8%BA%AB%E8%BE%B9%E7%9A%84%E4%BA%BA.pptx?dl=1,2019-06-02 (ppt)
https://lrcmc.ca/sunday-sermon/2019_06/,2019,06,https://www.dropbox.com/s/g79vy3epaafrtm6/2019-06-09%20%E7%BA%A6%E4%B9%A6%E4%BA%9A1%E7%A5%9E%E5%9B%BD%E6%89%BF%E4%BC%A0%E8%80%85.pptx?dl=1,2019-06-09 (ppt)
https://lrcmc.ca/sunday-sermon/2019_06/,2019,06,https://www.dropbox.com/s/isnpcmwcqgzn5ct/2019-06-16%E5%9F%BA%E7%9D%A3%E5%86%8D%E6%9D%A5%E6%97%B6%E7%9A%84%E5%AE%A1%E5%88%A4.pptx?dl=1,2019-06-16 (ppt)
https://lrcmc.ca/sunday-sermon/2019_06/,2019,06,https://www.dropbox.com/s/jwimxp254daipfm/2019-06-23-9%E7%BA%A6%E4%B9%A6%E4%BA%9A2%E5%88%9A%E5%BC%BA%E5%A3%AE%E8%83%86.pptx?dl=1,2019-06-23 (ppt)
https://lrcmc.ca/sunday-sermon/2019_06/,2019,06,https://www.dropbox.com/s/jo2p5h617j2rjdu/2019-06-02.mp3?dl=1,
https://lrcmc.ca/sunday-sermon/2019_06/,2019,06,https://www.dropbox.com/s/yslfc1s0elcel7a/2019-06-09.mp3?dl=1,
https://lrcmc.ca/sunday-sermon/2019_06/,2019,06,https://www.dropbox.com/s/49mwz3rdx2upsno/2019-06-16.mp3?dl=1,
https://lrcmc.ca/sunday-sermon/2019_06/,2019,06,https://www.dropbox.com/s/ki9tq1j0t3qaho8/2019-06-23.mp3?dl=1,
https://lrcmc.ca/sunday-sermon/2019_06/,2019,06,https://www.dropbox.com/s/jr985t17u53shge/2019-06-30.mp3?dl=1,
https://lrcmc.ca/sunday-sermon/2019_07/,2019,07,https://www.dropbox.com/s/a2w412iyy65kcgx/2019-07-14%20%E5%9F%BA%E7%9D%A3%E5%86%8D%E6%9D%A5%E4%B9%8B%E5%89%8D%E5%BF%85%E6%9C%89%E7%9A%84%E4%BA%8B%EF%BC%9B%E5%B8%96%E5%90%8E2.pptx?dl=1,2019-07-14 (ppt)
https://lrcmc.ca/sunday-sermon/2019_07/,2019,07,https://www.dropbox.com/s/mqrzjjve8th8au9/2019-07-21%20%E7%BA%A6%E4%B9%A6%E4%BA%9A3%E8%80%B6%E5%9F%8E%E4%B9%8B%E6%88%98.pptx?dl=1,2019-07-21 (ppt)
https://lrcmc.ca/sunday-sermon/2019_07/,2019,07,https://www.dropbox.com/s/08xunccakk86azq/2019-07-28%20%E7%BA%A6%E4%B9%A6%E4%BA%9A4%E5%B1%9E%E7%81%B5%E9%A2%86%E8%A2%96%E7%B4%A0%E8%B4%A8.pptx?dl=1,2019-07-28 (ppt)
https://lrcmc.ca/sunday-sermon/2019_07/,2019,07,https://www.dropbox.com/s/wek9yqs1y49vomo/2019-07-14.mp3?dl=1,
https://lrcmc.ca/sunday-sermon/2019_07/,2019,07,https://www.dropbox.com/s/9npebvjzt1ra2uv/2019-07-21.mp3?dl=1,
https://lrcmc.ca/sunday-sermon/2019_07/,2019,07,https://www.dropbox.com/s/9qmaezfd3we50fg/2019-07-28.mp3?dl=1,
https://lrcmc.ca/sunday-sermon/2019_08/,2019,08,https://www.dropbox.com/s/yon31ak87e2vqxh/2019-08-04%20%E5%9C%A3%E9%A4%90%E7%9A%84%E7%9C%9F%E4%B9%89.pptx?dl=1,2019-08-04 (ppt)
https://lrcmc.ca/sunday-sermon/2019_08/,2019,08,https://www.dropbox.com/s/6rjap35llexebng/2019-08-04.mp3?dl=1,
https://lrcmc.ca/sunday-sermon/2019_08/,2019,08,https://www.dropbox.com/s/g8bdfwwpm5rtpg3/2019-08-11.mp3?dl=1,
https://lrcmc.ca/sunday-sermon/2019_08/,2019,08,https://www.dropbox.com/s/9gc09stzkajhxd5/2019-8-25.mp3?dl=1,
https://lrcmc.ca/sunday-sermon/2019_09/,2019,09,https://www.dropbox.com/s/v57pciv7els0n9s/2019-09-01%20%E8%B7%9F%E9%9A%8F%E4%B8%BB%E8%80%B6%E7%A8%A3%E4%BC%A0%E7%A6%8F%E9%9F%B3.pptx?dl=1,2019-09-01 (ppt)
https://lrcmc.ca/sunday-sermon/2019_09/,2019,09,https://www.dropbox.com/s/qep0ap62jxbcd9u/2019-09-08%20Romans%2016%282%29-Chi.pptx?dl=1,2019-09-08 (ppt)
https://lrcmc.ca/sunday-sermon/2019_09/,2019,09,https://www.dropbox.com/s/sw62bimj2x95eri/2019-09-29%20%E7%84%A1%E6%82%94%E4%BB%8A%E7%94%9F.ppt?dl=1,2019-09-29 (ppt)
https://lrcmc.ca/sunday-sermon/2019_09/,2019,09,https://www.dropbox.com/s/j8plbffh2dg010v/2019-09-01.mp3?dl=1,
https://lrcmc.ca/sunday-sermon/2019_09/,2019,09,https://www.dropbox.com/s/4vj24mv9a4ngg7y/2019-09-08.mp3?dl=1,
https://lrcmc.ca/sunday-sermon/2019_09/,2019,09,https://www.dropbox.com/s/0pes29gsja6p3lv/2019-09-14-%E4%B8%8D%E5%86%8D%E7%96%91%E6%83%91.mp3?dl=1,
https://lrcmc.ca/sunday-sermon/2019_09/,2019,09,https://www.dropbox.com/s/ldb7yi2nt4yk7p8/2019-09-15%20%E4%B8%8D%E5%86%8D%E8%BD%AF%E5%BC%B1.mp3?dl=1,
https://lrcmc.ca/sunday-sermon/2019_09/,2019,09,https://www.dropbox.com/s/b5qc2o85esrlgz8/2019-09-22.mp3?dl=1,
https://lrcmc.ca/sunday-sermon/2019_09/,2019,09,https://www.dropbox.com/s/94jbmtx0x9jtppg/2019-09-29.mp3?dl=1,
https://lrcmc.ca/sunday-sermon/2019_10/,2019,10,https://www.dropbox.com/s/vdgxr63k6u2mliw/2019-10-06-13%E5%8F%82%E5%AD%99-%E5%A4%A7%E5%8A%9B%E5%A3%AB%E6%B5%AE%E6%B2%89%E4%BA%BA%E7%94%9F.pptx?dl=1,2019-10-06 (ppt)
https://lrcmc.ca/sunday-sermon/2019_10/,2019,10,https://www.dropbox.com/s/9jh94d5vlzajeau/2019-10-13%E6%84%9F%E6%81%A9%E8%8A%82%E7%9A%84%E6%81%A9%E5%85%B8.pptx?dl=1,2019-10-13 (ppt)
https://lrcmc.ca/sunday-sermon/2019_10/,2019,10,https://www.dropbox.com/s/m5ldkwxu922xadt/2019-10-06.mp3?dl=1,
https://lrcmc.ca/sunday-sermon/2019_10/,2019,10,https://www.dropbox.com/s/69i0x1yc9xenytd/2019-10-13.mp3?dl=1,
https://lrcmc.ca/sunday-sermon/2019_10/,2019,10,https://www.dropbox.com/s/ljgxnlo6m2ye84t/2019-10-20.mp3?dl=1,
https://lrcmc.ca/sunday-sermon/2019_10/,2019,10,https://www.dropbox.com/s/cu6annad5pkmutc/2019-10-27-sermon.mp3?dl=1,
https://lrcmc.ca/sunday-sermon/2019_10/,2019,10,https://www.dropbox.com/s/zzo6sdw2si1scva/2019-10-27-testimony.mp3?dl=1,
https://lrcmc.ca/sunday-sermon/2019_11/,2019,11,https://www.dropbox.com/s/3j51gx8pvlj6q9s/2019-11-03_The%20Purpose%20for%20Which%20We%20were%20Created.pptx?dl=0=1,2019-11-03 (ppt)
https://lrcmc.ca/sunday-sermon/2019_11/,2019,11,https://www.dropbox.com/s/41p8a4oujy9hrzf/2019-11-10%20%E9%87%8D%E7%94%9F-%E6%84%9F%E6%81%A9%E8%8A%82%E6%B4%97%E7%A4%BC%E4%B9%8B%E5%90%8E.pptx?dl=1,2019-11-10 (ppt)
https://lrcmc.ca/sunday-sermon/2019_11/,2019,11,https://www.dropbox.com/s/es0ycl2cxxsn7pi/2019-11-17%20%E5%BF%83%E8%BD%AC%E5%90%91%E4%BD%95%E5%A4%84.pptx?dl=1,2019-11-17 (ppt)
https://lrcmc.ca/sunday-sermon/2019_11/,2019,11,https://www.dropbox.com/s/6q7absek8c73jwb/2019-11-24%E5%90%8C%E5%BF%83%E6%9C%8D%E4%BA%8B%E7%9A%84%E7%BE%8E%E5%A5%BD-%E6%9C%8D%E4%BA%8B1.pptx?dl=1,2019-11-24 (ppt)
https://lrcmc.ca/sunday-sermon/2019_11/,2019,11,https://www.dropbox.com/s/t76pi8j3i4osfsx/2019-11-03.mp3?dl=1,
https://lrcmc.ca/sunday-sermon/2019_11/,2019,11,https://www.dropbox.com/s/vnvrf5v5rhh0ufs/2019-11-10.mp3?dl=1,
https://lrcmc.ca/sunday-sermon/2019_11/,2019,11,https://www.dropbox.com/s/1qalqeibkhpes4f/2019-11-17.mp3?dl=1,
https://lrcmc.ca/sunday-sermon/2019_11/,2019,11,https://www.dropbox.com/s/v07g35ko3s5c3ic/2019-11-24.mp3?dl=1,
https://lrcmc.ca/sunday-sermon/2019_12/,2019,12,https://www.dropbox.com/s/4y4niorb3otz9de/2019-12-08%20%E8%B7%AF%E5%BE%97-%E5%90%AB%E4%B9%89%E9%9A%BD%E6%B0%B8%E7%9A%84%E6%95%85%E4%BA%8B.pptx?dl=1,2019-12-08 (ppt)
https://lrcmc.ca/sunday-sermon/2019_12/,2019,12,https://www.dropbox.com/s/jboj5bn3ffhbjoc/2019-12-15%20Christmas%202019.pptx?dl=1,2019-12-15 (ppt)
https://lrcmc.ca/sunday-sermon/2019_12/,2019,12,https://www.dropbox.com/s/amvv50it7u3k1n2/2019-12-22_%E5%90%91%E5%9C%A3%E8%AF%9E%E8%8A%82%E4%B8%96%E4%BF%97%E5%8C%96%E8%AF%B4%E4%B8%8D.pptx?dl=1,2019-12-22 (ppt)
https://lrcmc.ca/sunday-sermon/2019_12/,2019,12,https://www.dropbox.com/s/lqxbz1bw68p4xhx/2019-12-29%20%E8%B7%9F%E4%BB%8E%E7%A5%9E%EF%BC%8C%E6%80%BB%E4%B8%8D%E7%A6%BB%E5%BC%80.pptx?dl=1,2019-12-29 (ppt)
https://lrcmc.ca/sunday-sermon/2019_12/,2019,12,https://www.dropbox.com/s/9u99gz5f2py7bmp/2019-12-08.mp3?dl=1,
https://lrcmc.ca/sunday-sermon/2019_12/,2019,12,https://www.dropbox.com/s/d59g63gv6qhz2m3/2019-12-15.mp3?dl=1,
https://lrcmc.ca/sunday-sermon/2019_12/,2019,12,https://www.dropbox.com/s/upp2ufwtilfe03o/2019-12-22.mp3?dl=1,
https://lrcmc.ca/sunday-sermon/2019_12/,2019,12,https://www.dropbox.com/s/jrlnzg52tkqds8q/2019-12-29.mp3?dl=1,
https://lrcmc.ca/sunday-sermon/2020_01/,2020,01,https://www.dropbox.com/s/djh6rvbq7dlv0jl/2020-01-05%20%E6%89%A9%E5%BC%A0%E5%A2%83%E7%95%8C1.pptx?dl=1,2020-01-05 (ppt)
https://lrcmc.ca/sunday-sermon/2020_01/,2020,01,https://www.dropbox.com/s/p4cts2ua10c46r5/2020-01-12-%E7%BE%8E%E5%A5%BD%E7%9A%84%E7%9B%BC%E6%9C%9B.pptx?dl=1,2020-01-12 (ppt)
https://lrcmc.ca/sunday-sermon/2020_01/,2020,01,https://www.dropbox.com/s/iskpo24l6k6ya4g/2020-01-19-%E6%89%A9%E5%BC%A0%E5%A2%83%E7%95%8C-2.pptx?dl=1,2020-01-19 (ppt)
https://lrcmc.ca/sunday-sermon/2020_01/,2020,01,https://www.dropbox.com/s/aju5ffvumh7f10y/2020-01-26%20God%E2%80%99s%20sovereignty%20and%20our%20suffering.pptx?dl=1,2020-01-26 (ppt)
https://lrcmc.ca/sunday-sermon/2020_01/,2020,01,https://www.dropbox.com/s/w5c7ziaxnflg9cj/2020-01-05.mp3?dl=1,
https://lrcmc.ca/sunday-sermon/2020_01/,2020,01,https://www.dropbox.com/s/007htsr411z82c8/2020-01-12.mp3?dl=1,
https://lrcmc.ca/sunday-sermon/2020_01/,2020,01,https://www.dropbox.com/s/85k047uzcabi72i/2020-01-19.mp3?dl=1,
https://lrcmc.ca/sunday-sermon/2020_01/,2020,01,https://www.dropbox.com/s/jjemq8arpuzknp4/2020-01-26.mp3?dl=1,
https://lrcmc.ca/sunday-sermon/2020_02/,2020,02,https://www.dropbox.com/s/fcnb3amciyxe5j7/2020-02-09_Spiritual%20depression%20-%20Ps%2042%20-Chi%20Final.pptx?dl=1,2020-02-09 (ppt)
https://lrcmc.ca/sunday-sermon/2020_02/,2020,02,https://www.dropbox.com/s/6az8ma1423rzay3/2020-02-16%20%E5%BC%95%E4%BB%A5%E4%B8%BA%E6%88%92%E4%B9%8B%E5%AE%B6.pptx?dl=1,2020-02-16 (ppt)
https://lrcmc.ca/sunday-sermon/2020_02/,2020,02,https://www.dropbox.com/s/iq9h53bhrzpsgea/2020-02-23%20WHEN%20THE%20SUFFERING%20IS%20LONG%20-%20Ps%2088%20-%20Chi.pptx?dl=1,2020-02-23 (ppt)
https://lrcmc.ca/sunday-sermon/2020_02/,2020,02,https://www.dropbox.com/s/vupzrpjsqjbkdnz/2020-02-02.mp3?dl=1,
https://lrcmc.ca/sunday-sermon/2020_02/,2020,02,https://www.dropbox.com/s/xn6ibdllgn1520e/2020-02-09.mp3?dl=1,
https://lrcmc.ca/sunday-sermon/2020_02/,2020,02,https://www.dropbox.com/s/h6fli14oxj41g28/2020-02-16.mp3?dl=1,
https://lrcmc.ca/sunday-sermon/2020_02/,2020,02,https://www.dropbox.com/s/zktsxgdijbencdg/2020-02-23.mp3?dl=1,
